{"type":"FeatureCollection","features":[{"type":"Feature","id":414,"geometry":{"type":"LineString","coordinates":[[114.17835890000001,22.304824199999999],[114.17827149999999,22.304498800000001],[114.1782123,22.304183399999999]]},"properties":{"FID":414,"osm_id":"5020538","code":5132,"fclass":"trunk_link","name":"公主道 Princess Margaret Road","ref":" ","oneway":"F","maxspeed":50,"layer":0,"bridge":"F","tunnel":"F"}},{"type":"Feature","id":5854,"geometry":{"type":"LineString","coordinates":[[114.1826872,22.3055263],[114.1834628,22.304989299999999]]},"properties":{"FID":5854,"osm_id":"28379306","code":5113,"fclass":"primary","name":"紅磡繞道 Hung Hom Bypass","ref":" ","oneway":"F","maxspeed":50,"layer":2,"bridge":"T","tunnel":"F"}},{"type":"Feature","id":10496,"geometry":{"type":"LineString","coordinates":[[114.17852139999999,22.302447000000001],[114.1786688,22.302387400000001],[114.1788543,22.302327900000002],[114.17907769999999,22.3022773],[114.1791892,22.302256199999999],[114.17929530000001,22.3022402],[114.18067499999999,22.302113800000001],[114.1808369,22.302105000000001]]},"properties":{"FID":10496,"osm_id":"33613665","code":5115,"fclass":"tertiary","name":"暢運道 Cheong Wan Road","ref":" ","oneway":"F","maxspeed":0,"layer":2,"bridge":"T","tunnel":"F"}},{"type":"Feature","id":10497,"geometry":{"type":"LineString","coordinates":[[114.1808369,22.302105000000001],[114.1808954,22.302103899999999],[114.1809763,22.3021122],[114.1810219,22.302143099999999]]},"properties":{"FID":10497,"osm_id":"33613691","code":5115,"fclass":"tertiary","name":"暢運道 Cheong Wan Road","ref":" ","oneway":"F","maxspeed":0,"layer":2,"bridge":"T","tunnel":"F"}},{"type":"Feature","id":10498,"geometry":{"type":"LineString","coordinates":[[114.18279939999999,22.3037475],[114.1828423,22.303685399999999],[114.1828635,22.303676500000002],[114.18291670000001,22.303656100000001]]},"properties":{"FID":10498,"osm_id":"33613702","code":5141,"fclass":"service","name":" ","ref":" ","oneway":"F","maxspeed":0,"layer":1,"bridge":"F","tunnel":"F"}},{"type":"Feature","id":10499,"geometry":{"type":"LineString","coordinates":[[114.18233770000001,22.302019000000001],[114.1817491,22.3020423],[114.1815423,22.3020505],[114.1812075,22.3020496]]},"properties":{"FID":10499,"osm_id":"33613703","code":5115,"fclass":"tertiary","name":"暢運道 Cheong Wan Road","ref":" ","oneway":"F","maxspeed":0,"layer":1,"bridge":"F","tunnel":"F"}},{"type":"Feature","id":10610,"geometry":{"type":"LineString","coordinates":[[114.1817096,22.304032500000002],[114.1820732,22.3040004],[114.1824677,22.303971300000001]]},"properties":{"FID":10610,"osm_id":"33619965","code":5141,"fclass":"service","name":" ","ref":" ","oneway":"F","maxspeed":0,"layer":1,"bridge":"F","tunnel":"F"}},{"type":"Feature","id":10611,"geometry":{"type":"LineString","coordinates":[[114.1816379,22.303982900000001],[114.1821425,22.303936700000001],[114.1826143,22.303898700000001]]},"properties":{"FID":10611,"osm_id":"33619973","code":5141,"fclass":"service","name":" ","ref":" ","oneway":"F","maxspeed":0,"layer":1,"bridge":"F","tunnel":"F"}},{"type":"Feature","id":10612,"geometry":{"type":"LineString","coordinates":[[114.1815739,22.303922400000001],[114.1822099,22.303874799999999],[114.1826946,22.303829400000001]]},"properties":{"FID":10612,"osm_id":"33619976","code":5141,"fclass":"service","name":" ","ref":" ","oneway":"F","maxspeed":0,"layer":1,"bridge":"F","tunnel":"F"}},{"type":"Feature","id":10613,"geometry":{"type":"LineString","coordinates":[[114.18150060000001,22.303871900000001],[114.18161069999999,22.303861399999999],[114.18166189999999,22.303857399999998],[114.1822813,22.3038092],[114.18240280000001,22.303794700000001],[114.18279939999999,22.3037475]]},"properties":{"FID":10613,"osm_id":"33619980","code":5141,"fclass":"service","name":" ","ref":" ","oneway":"F","maxspeed":0,"layer":1,"bridge":"F","tunnel":"F"}},{"type":"Feature","id":10614,"geometry":{"type":"LineString","coordinates":[[114.181299,22.303709300000001],[114.18141060000001,22.3037022],[114.18163629999999,22.303687799999999],[114.182148,22.303655200000001],[114.18226369999999,22.3036505],[114.1823629,22.303635499999999],[114.18240830000001,22.3036286],[114.1825822,22.3036022],[114.1826289,22.3035958],[114.182669,22.303581699999999],[114.1826966,22.303567399999999],[114.18272380000001,22.303549799999999],[114.1827395,22.303529699999999],[114.1827509,22.303505000000001],[114.18275490000001,22.3034541],[114.18275079999999,22.303305600000002],[114.1826432,22.3022983],[114.1826547,22.302145500000002]]},"properties":{"FID":10614,"osm_id":"33619981","code":5141,"fclass":"service","name":" ","ref":" ","oneway":"F","maxspeed":0,"layer":1,"bridge":"F","tunnel":"F"}},{"type":"Feature","id":10615,"geometry":{"type":"LineString","coordinates":[[114.1832483,22.305454099999999],[114.1828,22.30509],[114.182778,22.305074000000001],[114.18275,22.305060000000001],[114.18268999999999,22.305040000000002],[114.18253,22.304998000000001],[114.18249,22.30498],[114.182439,22.304950000000002],[114.18237999999999,22.304911000000001],[114.182327,22.304870999999999],[114.18228999999999,22.304839999999999],[114.18226,22.30481],[114.18221,22.304749999999999],[114.18218,22.30471],[114.18216099999999,22.304680999999999],[114.18214500000001,22.304649999999999],[114.18213,22.304614000000001],[114.18212,22.304582],[114.182104,22.304510000000001],[114.182096,22.304465],[114.18209,22.304418999999999],[114.182087,22.304258000000001]]},"properties":{"FID":10615,"osm_id":"33619983","code":5115,"fclass":"tertiary","name":"暢運道 Cheong Wan Road","ref":" ","oneway":"F","maxspeed":0,"layer":1,"bridge":"T","tunnel":"F"}},{"type":"Feature","id":10616,"geometry":{"type":"LineString","coordinates":[[114.1837317,22.305925800000001],[114.1835947,22.305775799999999],[114.1834406,22.305623900000001],[114.1832483,22.305454099999999]]},"properties":{"FID":10616,"osm_id":"33619988","code":5115,"fclass":"tertiary","name":"暢運道 Cheong Wan Road","ref":" ","oneway":"F","maxspeed":0,"layer":0,"bridge":"F","tunnel":"F"}},{"type":"Feature","id":10618,"geometry":{"type":"LineString","coordinates":[[114.1837857,22.306007099999999],[114.18420140000001,22.305781],[114.18446109999999,22.305657799999999],[114.1848401,22.305474400000001],[114.1850601,22.305396399999999],[114.18525990000001,22.305306399999999],[114.1855881,22.305108199999999],[114.18578119999999,22.304991699999999],[114.1859487,22.3048918]]},"properties":{"FID":10618,"osm_id":"33620021","code":5115,"fclass":"tertiary","name":"紅磡南道 Hung Hom South Road","ref":" ","oneway":"F","maxspeed":0,"layer":0,"bridge":"F","tunnel":"F"}},{"type":"Feature","id":10633,"geometry":{"type":"LineString","coordinates":[[114.1838961,22.302267700000002],[114.1840807,22.302260799999999],[114.18410249999999,22.30226]]},"properties":{"FID":10633,"osm_id":"33620444","code":5115,"fclass":"tertiary","name":"都會道 Metropolis Drive","ref":" ","oneway":"F","maxspeed":0,"layer":2,"bridge":"T","tunnel":"F"}},{"type":"Feature","id":10634,"geometry":{"type":"LineString","coordinates":[[114.1831926,22.302300599999999],[114.1834295,22.302271300000001],[114.1838961,22.302267700000002]]},"properties":{"FID":10634,"osm_id":"33620482","code":5115,"fclass":"tertiary","name":"都會道 Metropolis Drive","ref":" ","oneway":"F","maxspeed":0,"layer":1,"bridge":"T","tunnel":"F"}},{"type":"Feature","id":10635,"geometry":{"type":"LineString","coordinates":[[114.1831926,22.302300599999999],[114.1831931,22.302226000000001],[114.18317620000001,22.302156700000001],[114.18316299999999,22.3021156],[114.1831095,22.302040999999999],[114.18307,22.302016999999999],[114.18299450000001,22.3019891],[114.18290380000001,22.301988099999999],[114.1828412,22.302056],[114.18282670000001,22.3021137],[114.182834,22.302173],[114.18286449999999,22.3022423],[114.18290279999999,22.3023028],[114.1829446,22.302345599999999],[114.1829767,22.302372600000002],[114.1830185,22.302395199999999],[114.1830686,22.302418200000002]]},"properties":{"FID":10635,"osm_id":"33620497","code":5115,"fclass":"tertiary","name":"都會道 Metropolis Drive","ref":" ","oneway":"F","maxspeed":0,"layer":1,"bridge":"F","tunnel":"F"}},{"type":"Feature","id":10636,"geometry":{"type":"LineString","coordinates":[[114.18307,22.302016999999999],[114.1830798,22.301749900000001],[114.1830726,22.301569700000002],[114.1830755,22.3014209],[114.18307059999999,22.301053899999999],[114.183089,22.300917699999999],[114.1831124,22.300785099999999],[114.18319339999999,22.300666100000001],[114.18327739999999,22.300609000000001],[114.1833736,22.300584000000001],[114.183491,22.3005858],[114.18360060000001,22.300624800000001],[114.18366,22.3006864],[114.1837058,22.3007396],[114.18373769999999,22.300795699999998],[114.1837491,22.300869299999999]]},"properties":{"FID":10636,"osm_id":"33620513","code":5141,"fclass":"service","name":"都會道 Metropolis Drive","ref":" ","oneway":"B","maxspeed":0,"layer":2,"bridge":"F","tunnel":"F"}},{"type":"Feature","id":10752,"geometry":{"type":"LineString","coordinates":[[114.1811457,22.303078500000002],[114.1811874,22.3034836],[114.18120039999999,22.3035113],[114.1812257,22.3035259],[114.1812563,22.303536999999999],[114.1812747,22.303538400000001],[114.18133330000001,22.303535799999999],[114.18137160000001,22.3035326],[114.1814297,22.303583799999998],[114.18144580000001,22.303598000000001]]},"properties":{"FID":10752,"osm_id":"33680056","code":5141,"fclass":"service","name":" ","ref":" ","oneway":"F","maxspeed":0,"layer":2,"bridge":"T","tunnel":"F"}},{"type":"Feature","id":10753,"geometry":{"type":"LineString","coordinates":[[114.1811505,22.302537600000001],[114.18111589999999,22.3027309],[114.1811457,22.303078500000002]]},"properties":{"FID":10753,"osm_id":"33680057","code":5141,"fclass":"service","name":" ","ref":" ","oneway":"F","maxspeed":0,"layer":1,"bridge":"F","tunnel":"F"}},{"type":"Feature","id":10754,"geometry":{"type":"LineString","coordinates":[[114.1820869,22.303751099999999],[114.1822841,22.303732199999999],[114.182382,22.303715400000002],[114.1824202,22.303710800000001],[114.1825584,22.303694100000001],[114.18264069999999,22.3036864],[114.1827521,22.303675999999999],[114.18278669999999,22.3036748],[114.1828423,22.303685399999999]]},"properties":{"FID":10754,"osm_id":"33680059","code":5141,"fclass":"service","name":" ","ref":" ","oneway":"F","maxspeed":0,"layer":1,"bridge":"F","tunnel":"F"}},{"type":"Feature","id":10755,"geometry":{"type":"LineString","coordinates":[[114.18144580000001,22.303598000000001],[114.1814753,22.30376],[114.1815187,22.3037983],[114.18160659999999,22.303792999999999],[114.18167680000001,22.3037852],[114.1820869,22.303751099999999]]},"properties":{"FID":10755,"osm_id":"33680062","code":5141,"fclass":"service","name":" ","ref":" ","oneway":"F","maxspeed":0,"layer":2,"bridge":"T","tunnel":"F"}},{"type":"Feature","id":10756,"geometry":{"type":"LineString","coordinates":[[114.1839847,22.303507499999998],[114.1839197,22.3037338],[114.18386700000001,22.3038402],[114.1837821,22.303918599999999],[114.1835799,22.304025899999999]]},"properties":{"FID":10756,"osm_id":"33680135","code":5135,"fclass":"tertiary_link","name":"紅磡繞道 Hung Hom Bypass","ref":" ","oneway":"F","maxspeed":0,"layer":1,"bridge":"T","tunnel":"F"}},{"type":"Feature","id":10757,"geometry":{"type":"LineString","coordinates":[[114.1835799,22.304025899999999],[114.1835037,22.3040406],[114.18332909999999,22.304074100000001],[114.183245,22.304090299999999],[114.1830429,22.304056599999999]]},"properties":{"FID":10757,"osm_id":"33680138","code":5135,"fclass":"tertiary_link","name":"紅磡繞道 Hung Hom Bypass","ref":" ","oneway":"F","maxspeed":0,"layer":2,"bridge":"T","tunnel":"F"}},{"type":"Feature","id":10758,"geometry":{"type":"LineString","coordinates":[[114.182148,22.303655200000001],[114.1822695,22.303594499999999],[114.1823031,22.303575599999999],[114.1823449,22.3035684],[114.182395,22.303559799999999],[114.1824328,22.303553300000001],[114.1824958,22.303533900000001],[114.1825384,22.303514799999999],[114.1825544,22.3034994],[114.18256359999999,22.303465599999999],[114.1824941,22.302904399999999],[114.1824866,22.302850899999999],[114.1824933,22.302828300000002],[114.1825078,22.3028078],[114.18256100000001,22.302752300000002],[114.1825805,22.3027403],[114.1825967,22.302724600000001],[114.18260479999999,22.3026974],[114.1825558,22.3022165],[114.18254949999999,22.302069500000002]]},"properties":{"FID":10758,"osm_id":"33680201","code":5141,"fclass":"service","name":" ","ref":" ","oneway":"F","maxspeed":0,"layer":1,"bridge":"F","tunnel":"F"}},{"type":"Feature","id":16592,"geometry":{"type":"LineString","coordinates":[[114.18345979999999,22.308783699999999],[114.1832893,22.308681400000001],[114.18308209999999,22.308558600000001],[114.18280179999999,22.308392300000001],[114.18246790000001,22.308196299999999],[114.1821715,22.3080073],[114.1818007,22.307772],[114.18153839999999,22.307594600000002]]},"properties":{"FID":16592,"osm_id":"37663984","code":5112,"fclass":"trunk","name":"漆咸道北 Chatham Road North","ref":"5","oneway":"F","maxspeed":50,"layer":0,"bridge":"F","tunnel":"F"}},{"type":"Feature","id":22360,"geometry":{"type":"LineString","coordinates":[[114.1802502,22.3013449],[114.1801074,22.3015176],[114.1800296,22.301639399999999],[114.17998299999999,22.3017994],[114.1799402,22.301923899999998],[114.17992940000001,22.302030899999998],[114.1799491,22.302206999999999],[114.17995670000001,22.302274300000001],[114.17994349999999,22.302406699999999],[114.1799556,22.302486900000002],[114.1800033,22.302620900000001],[114.1802287,22.303000900000001],[114.1802964,22.303094999999999],[114.1804265,22.303184600000002],[114.1805164,22.3032729],[114.18057829999999,22.303328499999999]]},"properties":{"FID":22360,"osm_id":"42293610","code":5141,"fclass":"service","name":" ","ref":" ","oneway":"F","maxspeed":0,"layer":0,"bridge":"F","tunnel":"F"}},{"type":"Feature","id":22361,"geometry":{"type":"LineString","coordinates":[[114.1810438,22.304015100000001],[114.18092129999999,22.30339],[114.1807944,22.302790099999999],[114.18074850000001,22.302575000000001],[114.18070899999999,22.302484400000001],[114.18066229999999,22.302391],[114.1806065,22.302294799999999],[114.1805938,22.3022159],[114.18058259999999,22.302135499999999],[114.1805646,22.301998600000001],[114.1804497,22.301228500000001]]},"properties":{"FID":22361,"osm_id":"42293618","code":5141,"fclass":"service","name":" ","ref":" ","oneway":"F","maxspeed":0,"layer":0,"bridge":"F","tunnel":"F"}},{"type":"Feature","id":27017,"geometry":{"type":"LineString","coordinates":[[114.171576,22.309015800000001],[114.17168340000001,22.308925200000001],[114.17175520000001,22.3088427],[114.1718604,22.308716799999999],[114.17237009999999,22.3081225],[114.1725799,22.307934500000002],[114.1728488,22.307732900000001],[114.1730259,22.307628000000001],[114.1732706,22.307509499999998],[114.17376470000001,22.3073139],[114.1742678,22.307158999999999],[114.1750471,22.3069235],[114.1754586,22.306795399999999],[114.17636400000001,22.3065213]]},"properties":{"FID":27017,"osm_id":"45729976","code":5112,"fclass":"trunk","name":"加士居道天橋 Gascoigne Road Flyover","ref":"5","oneway":"F","maxspeed":50,"layer":1,"bridge":"T","tunnel":"F"}},{"type":"Feature","id":27018,"geometry":{"type":"LineString","coordinates":[[114.18338919999999,22.3088886],[114.1835964,22.308960599999999],[114.18375469999999,22.309063600000002],[114.1840048,22.309274500000001],[114.1841027,22.309353300000001]]},"properties":{"FID":27018,"osm_id":"45729977","code":5132,"fclass":"trunk_link","name":" ","ref":" ","oneway":"F","maxspeed":50,"layer":0,"bridge":"F","tunnel":"F"}},{"type":"Feature","id":27027,"geometry":{"type":"LineString","coordinates":[[114.18125999999999,22.306170000000002],[114.180953,22.306290000000001],[114.180888,22.30631],[114.180778,22.306329999999999],[114.18069,22.306341],[114.18061,22.306343999999999],[114.18053999999999,22.306342999999998],[114.18049000000001,22.306339000000001],[114.18044,22.306332000000001],[114.18039,22.306322000000002],[114.18031999999999,22.306305999999999],[114.18026999999999,22.306291000000002],[114.18022000000001,22.306270000000001],[114.18016,22.306242000000001],[114.18010099999999,22.306208999999999],[114.180052,22.306180000000001],[114.17999500000001,22.306142999999999],[114.179934,22.306100000000001],[114.17977999999999,22.305990000000001],[114.17971900000001,22.305951],[114.17966199999999,22.305917999999998],[114.17961099999999,22.305890999999999]]},"properties":{"FID":27027,"osm_id":"45740457","code":5132,"fclass":"trunk_link","name":"紅磡繞道 Hung Hom Bypass","ref":" ","oneway":"F","maxspeed":50,"layer":2,"bridge":"T","tunnel":"F"}},{"type":"Feature","id":27029,"geometry":{"type":"LineString","coordinates":[[114.18255430000001,22.305449200000002],[114.18213,22.305678],[114.18125999999999,22.306170000000002]]},"properties":{"FID":27029,"osm_id":"45740604","code":5113,"fclass":"primary","name":"紅磡繞道 Hung Hom Bypass","ref":" ","oneway":"F","maxspeed":70,"layer":2,"bridge":"T","tunnel":"F"}},{"type":"Feature","id":27030,"geometry":{"type":"LineString","coordinates":[[114.18123509999999,22.307310699999999],[114.1811671,22.307141999999999]]},"properties":{"FID":27030,"osm_id":"45740605","code":5132,"fclass":"trunk_link","name":" ","ref":" ","oneway":"F","maxspeed":0,"layer":1,"bridge":"T","tunnel":"F"}},{"type":"Feature","id":27031,"geometry":{"type":"LineString","coordinates":[[114.17883500000001,22.309360399999999],[114.1790744,22.309100099999998]]},"properties":{"FID":27031,"osm_id":"45740606","code":5113,"fclass":"primary","name":"紅磡繞道 Hung Hom Bypass","ref":" ","oneway":"F","maxspeed":0,"layer":0,"bridge":"F","tunnel":"F"}},{"type":"Feature","id":27032,"geometry":{"type":"LineString","coordinates":[[114.180319,22.307760999999999],[114.180301,22.307718999999999],[114.180291,22.307680000000001],[114.180285,22.307639000000002],[114.180283,22.307600000000001],[114.180288,22.307545000000001],[114.18029900000001,22.307493999999998],[114.18031999999999,22.307449999999999],[114.180359,22.307403000000001],[114.18040240000001,22.307355900000001],[114.1804894,22.3072813]]},"properties":{"FID":27032,"osm_id":"45740608","code":5132,"fclass":"trunk_link","name":" ","ref":" ","oneway":"F","maxspeed":50,"layer":0,"bridge":"F","tunnel":"F"}},{"type":"Feature","id":27033,"geometry":{"type":"LineString","coordinates":[[114.1807831,22.306663700000001],[114.1806596,22.306715799999999],[114.18037990000001,22.306872899999998],[114.1801285,22.3070442],[114.179934,22.3071819]]},"properties":{"FID":27033,"osm_id":"45740758","code":5112,"fclass":"trunk","name":"公主道 Princess Margaret Road","ref":"1","oneway":"F","maxspeed":70,"layer":1,"bridge":"T","tunnel":"F"}},{"type":"Feature","id":27034,"geometry":{"type":"LineString","coordinates":[[114.1802946,22.307254199999999],[114.180537,22.307022100000001],[114.1807386,22.306823600000001],[114.1809094,22.306722199999999]]},"properties":{"FID":27034,"osm_id":"45740765","code":5112,"fclass":"trunk","name":"康莊道 Hong Chong Road","ref":"1","oneway":"F","maxspeed":70,"layer":1,"bridge":"T","tunnel":"F"}},{"type":"Feature","id":27035,"geometry":{"type":"LineString","coordinates":[[114.18115419999999,22.306486499999998],[114.1812868,22.3063501],[114.1813666,22.306248],[114.1814694,22.306115500000001],[114.1815466,22.305980900000002]]},"properties":{"FID":27035,"osm_id":"45740767","code":5112,"fclass":"trunk","name":"康莊道 Hong Chong Road","ref":"1","oneway":"F","maxspeed":70,"layer":0,"bridge":"F","tunnel":"F"}},{"type":"Feature","id":27036,"geometry":{"type":"LineString","coordinates":[[114.18043299999999,22.307220000000001],[114.1805165,22.307136199999999],[114.1808175,22.306860100000002],[114.1809094,22.306722199999999]]},"properties":{"FID":27036,"osm_id":"45740769","code":5132,"fclass":"trunk_link","name":" ","ref":" ","oneway":"F","maxspeed":70,"layer":1,"bridge":"T","tunnel":"F"}},{"type":"Feature","id":27037,"geometry":{"type":"LineString","coordinates":[[114.1804894,22.3072813],[114.1809497,22.306942500000002],[114.181074,22.306836100000002],[114.1811781,22.306760100000002],[114.181308,22.306642],[114.18149680000001,22.306480000000001],[114.1818085,22.306223500000002]]},"properties":{"FID":27037,"osm_id":"45740770","code":5132,"fclass":"trunk_link","name":"紅磡繞道 Hung Hom Bypass","ref":" ","oneway":"F","maxspeed":50,"layer":2,"bridge":"T","tunnel":"F"}},{"type":"Feature","id":27038,"geometry":{"type":"LineString","coordinates":[[114.17961099999999,22.305890999999999],[114.179579,22.305876000000001],[114.179523,22.305852000000002],[114.17946999999999,22.305831000000001],[114.17941500000001,22.305810000000001],[114.17932999999999,22.305779999999999],[114.17926,22.305759999999999],[114.179154,22.305738999999999],[114.17910000000001,22.305730000000001],[114.179023,22.3057172],[114.1789745,22.305710399999999],[114.1789325,22.305707300000002],[114.1787506,22.305693300000001]]},"properties":{"FID":27038,"osm_id":"45740771","code":5132,"fclass":"trunk_link","name":"紅磡繞道 Hung Hom Bypass","ref":" ","oneway":"F","maxspeed":50,"layer":0,"bridge":"F","tunnel":"F"}},{"type":"Feature","id":27039,"geometry":{"type":"LineString","coordinates":[[114.1798,22.307168999999998],[114.1797,22.307289999999998],[114.17962,22.307390999999999]]},"properties":{"FID":27039,"osm_id":"45740772","code":5113,"fclass":"primary","name":"紅磡繞道 Hung Hom Bypass","ref":" ","oneway":"F","maxspeed":70,"layer":0,"bridge":"F","tunnel":"F"}},{"type":"Feature","id":27040,"geometry":{"type":"LineString","coordinates":[[114.1807831,22.306663700000001],[114.18070489999999,22.306771000000001],[114.18056679999999,22.306873800000002],[114.1803146,22.307042599999999],[114.18007040000001,22.3071883]]},"properties":{"FID":27040,"osm_id":"45740773","code":5132,"fclass":"trunk_link","name":" ","ref":" ","oneway":"F","maxspeed":50,"layer":1,"bridge":"T","tunnel":"F"}},{"type":"Feature","id":27041,"geometry":{"type":"LineString","coordinates":[[114.179934,22.3071819],[114.1798143,22.307282900000001],[114.179682,22.3074084]]},"properties":{"FID":27041,"osm_id":"45740774","code":5112,"fclass":"trunk","name":"公主道 Princess Margaret Road","ref":"1","oneway":"F","maxspeed":70,"layer":0,"bridge":"F","tunnel":"F"}},{"type":"Feature","id":27042,"geometry":{"type":"LineString","coordinates":[[114.18006440000001,22.307489799999999],[114.1802946,22.307254199999999]]},"properties":{"FID":27042,"osm_id":"45740894","code":5112,"fclass":"trunk","name":"公主道 Princess Margaret Road","ref":"1","oneway":"F","maxspeed":70,"layer":0,"bridge":"F","tunnel":"F"}},{"type":"Feature","id":27043,"geometry":{"type":"LineString","coordinates":[[114.1790082,22.309096400000001],[114.1791765,22.308829800000002],[114.1794769,22.308353400000001],[114.1798024,22.307891900000001],[114.18006440000001,22.307489799999999]]},"properties":{"FID":27043,"osm_id":"45740895","code":5112,"fclass":"trunk","name":"公主道 Princess Margaret Road","ref":"1","oneway":"F","maxspeed":70,"layer":1,"bridge":"T","tunnel":"F"}},{"type":"Feature","id":27044,"geometry":{"type":"LineString","coordinates":[[114.17962,22.307390999999999],[114.17955000000001,22.307492],[114.17949,22.307590000000001],[114.1794249,22.307725099999999],[114.1793591,22.3078334]]},"properties":{"FID":27044,"osm_id":"45740896","code":5113,"fclass":"primary","name":"紅磡繞道 Hung Hom Bypass","ref":" ","oneway":"F","maxspeed":70,"layer":1,"bridge":"T","tunnel":"F"}},{"type":"Feature","id":27045,"geometry":{"type":"LineString","coordinates":[[114.179682,22.3074084],[114.1795714,22.307582100000001],[114.1794537,22.307726899999999],[114.1793591,22.3078334],[114.1792693,22.308002599999998],[114.17918349999999,22.308162200000002]]},"properties":{"FID":27045,"osm_id":"45740897","code":5112,"fclass":"trunk","name":"公主道 Princess Margaret Road","ref":"1","oneway":"F","maxspeed":70,"layer":1,"bridge":"T","tunnel":"F"}},{"type":"Feature","id":27046,"geometry":{"type":"LineString","coordinates":[[114.17918349999999,22.308162200000002],[114.1790812,22.3084241],[114.1789917,22.308680899999999]]},"properties":{"FID":27046,"osm_id":"45740898","code":5112,"fclass":"trunk","name":"公主道 Princess Margaret Road","ref":"1","oneway":"F","maxspeed":70,"layer":0,"bridge":"F","tunnel":"F"}},{"type":"Feature","id":27047,"geometry":{"type":"LineString","coordinates":[[114.18110280000001,22.307168699999998],[114.1809779,22.307022400000001],[114.1806359,22.306660399999998],[114.180441,22.306470000000001],[114.1801272,22.306154200000002],[114.1800295,22.306061799999998]]},"properties":{"FID":27047,"osm_id":"45740901","code":5112,"fclass":"trunk","name":"漆咸道北 Chatham Road North","ref":"5","oneway":"F","maxspeed":50,"layer":0,"bridge":"F","tunnel":"F"}},{"type":"Feature","id":27048,"geometry":{"type":"LineString","coordinates":[[114.18153839999999,22.307594600000002],[114.18123509999999,22.307310699999999]]},"properties":{"FID":27048,"osm_id":"45740902","code":5112,"fclass":"trunk","name":"漆咸道北 Chatham Road North","ref":"5","oneway":"F","maxspeed":50,"layer":1,"bridge":"T","tunnel":"F"}},{"type":"Feature","id":27049,"geometry":{"type":"LineString","coordinates":[[114.1811671,22.307141999999999],[114.1811513,22.307024999999999],[114.1811512,22.306879899999998],[114.18120020000001,22.306721700000001],[114.18124709999999,22.306651599999999],[114.1813444,22.306479299999999]]},"properties":{"FID":27049,"osm_id":"45740903","code":5132,"fclass":"trunk_link","name":"康莊道 Hong Chong Road","ref":" ","oneway":"F","maxspeed":0,"layer":0,"bridge":"F","tunnel":"F"}},{"type":"Feature","id":27050,"geometry":{"type":"LineString","coordinates":[[114.1809375,22.307208200000002],[114.1811251,22.307382400000002],[114.1814531,22.307684999999999]]},"properties":{"FID":27050,"osm_id":"45740904","code":5112,"fclass":"trunk","name":"漆咸道北 Chatham Road North","ref":"5","oneway":"F","maxspeed":50,"layer":1,"bridge":"T","tunnel":"F"}},{"type":"Feature","id":27051,"geometry":{"type":"LineString","coordinates":[[114.18338919999999,22.3088886],[114.1835502,22.309009],[114.1837218,22.309139200000001],[114.18381979999999,22.309215999999999],[114.1838762,22.309260200000001],[114.1840337,22.309383700000001]]},"properties":{"FID":27051,"osm_id":"45740905","code":5112,"fclass":"trunk","name":"漆咸道北 Chatham Road North","ref":"5","oneway":"F","maxspeed":50,"layer":0,"bridge":"F","tunnel":"F"}},{"type":"Feature","id":27052,"geometry":{"type":"LineString","coordinates":[[114.1790744,22.309100099999998],[114.1792653,22.308876099999999],[114.17941449999999,22.3087005],[114.17961510000001,22.308490899999999],[114.17989369999999,22.308227299999999],[114.1802256,22.307947899999998],[114.18054960000001,22.307683099999998],[114.1808209,22.307433899999999],[114.1811781,22.307017800000001],[114.1814147,22.306718],[114.1815428,22.306532900000001],[114.1816745,22.306377300000001],[114.1818085,22.306223500000002]]},"properties":{"FID":27052,"osm_id":"45740906","code":5113,"fclass":"primary","name":"紅磡繞道 Hung Hom Bypass","ref":" ","oneway":"F","maxspeed":70,"layer":2,"bridge":"T","tunnel":"F"}},{"type":"Feature","id":37672,"geometry":{"type":"LineString","coordinates":[[114.178286,22.304855499999999],[114.17862529999999,22.306124700000002]]},"properties":{"FID":37672,"osm_id":"53470396","code":5132,"fclass":"trunk_link","name":"公主道 Princess Margaret Road","ref":" ","oneway":"F","maxspeed":70,"layer":1,"bridge":"T","tunnel":"F"}},{"type":"Feature","id":37673,"geometry":{"type":"LineString","coordinates":[[114.17862529999999,22.306124700000002],[114.1786417,22.306177999999999],[114.1788213,22.3068071],[114.1788317,22.306846799999999],[114.1789859,22.307433899999999],[114.1790397,22.307724],[114.17906170000001,22.307906599999999],[114.1790665,22.308101099999998],[114.17904350000001,22.3083551],[114.1789917,22.308680899999999]]},"properties":{"FID":37673,"osm_id":"53470398","code":5132,"fclass":"trunk_link","name":"公主道 Princess Margaret Road","ref":" ","oneway":"F","maxspeed":70,"layer":0,"bridge":"F","tunnel":"F"}},{"type":"Feature","id":37674,"geometry":{"type":"LineString","coordinates":[[114.17849699999999,22.305756299999999],[114.17817340000001,22.305804599999998],[114.1779535,22.305863200000001]]},"properties":{"FID":37674,"osm_id":"53470399","code":5113,"fclass":"primary","name":"加士居道 Gascoigne Road","ref":" ","oneway":"F","maxspeed":50,"layer":0,"bridge":"F","tunnel":"F"}},{"type":"Feature","id":37675,"geometry":{"type":"LineString","coordinates":[[114.1743611,22.307205199999999],[114.1746404,22.307132899999999],[114.1746598,22.3071251],[114.1750993,22.307006000000001],[114.1759732,22.3067256],[114.1763359,22.306595999999999],[114.17666819999999,22.3064836],[114.17693389999999,22.306400400000001],[114.1770834,22.306353900000001]]},"properties":{"FID":37675,"osm_id":"53470400","code":5113,"fclass":"primary","name":"加士居道 Gascoigne Road","ref":" ","oneway":"F","maxspeed":0,"layer":0,"bridge":"F","tunnel":"F"}},{"type":"Feature","id":37676,"geometry":{"type":"LineString","coordinates":[[114.1778887,22.303852800000001],[114.1779566,22.303996399999999],[114.1779891,22.3041208],[114.1781782,22.305074699999999]]},"properties":{"FID":37676,"osm_id":"53470401","code":5114,"fclass":"secondary","name":"漆咸道南 Chatham Road South","ref":" ","oneway":"F","maxspeed":50,"layer":0,"bridge":"F","tunnel":"F"}},{"type":"Feature","id":37677,"geometry":{"type":"LineString","coordinates":[[114.1786417,22.306177999999999],[114.17866650000001,22.306313500000002],[114.17866119999999,22.306376100000001],[114.1786498,22.306438199999999],[114.178617,22.306499500000001],[114.1785847,22.306544200000001],[114.17852910000001,22.306590199999999],[114.17844789999999,22.306626099999999],[114.17836819999999,22.306639799999999],[114.1782951,22.306638700000001],[114.1782224,22.306621499999999],[114.17814559999999,22.306591000000001],[114.1780847,22.3065386],[114.17803739999999,22.306458899999999],[114.1780222,22.306379199999999],[114.17801710000001,22.306301000000001],[114.17803910000001,22.306233800000001],[114.17809819999999,22.3061322],[114.1781706,22.306075499999999],[114.1782817,22.3059698]]},"properties":{"FID":37677,"osm_id":"53470402","code":5132,"fclass":"trunk_link","name":"公主道 Princess Margaret Road","ref":" ","oneway":"F","maxspeed":50,"layer":0,"bridge":"F","tunnel":"F"}},{"type":"Feature","id":37678,"geometry":{"type":"LineString","coordinates":[[114.1792119,22.305644699999998],[114.1789722,22.3055743],[114.1788291,22.3055114],[114.1787368,22.3054582],[114.1786256,22.305330600000001]]},"properties":{"FID":37678,"osm_id":"53470403","code":5114,"fclass":"secondary","name":"漆咸道南 Chatham Road South","ref":" ","oneway":"F","maxspeed":50,"layer":0,"bridge":"F","tunnel":"F"}},{"type":"Feature","id":37679,"geometry":{"type":"LineString","coordinates":[[114.1787089,22.3061221],[114.17835890000001,22.304824199999999]]},"properties":{"FID":37679,"osm_id":"53470404","code":5132,"fclass":"trunk_link","name":"公主道 Princess Margaret Road","ref":" ","oneway":"F","maxspeed":50,"layer":1,"bridge":"T","tunnel":"F"}},{"type":"Feature","id":37680,"geometry":{"type":"LineString","coordinates":[[114.1783094,22.3058239],[114.17710289999999,22.3061954]]},"properties":{"FID":37680,"osm_id":"53470406","code":5112,"fclass":"trunk","name":"加士居道天橋 Gascoigne Road Flyover","ref":"5","oneway":"F","maxspeed":50,"layer":1,"bridge":"T","tunnel":"F"}},{"type":"Feature","id":37681,"geometry":{"type":"LineString","coordinates":[[114.1787159,22.309541899999999],[114.17886110000001,22.309253900000002],[114.1790369,22.308951400000002],[114.1791501,22.308692700000002],[114.1792188,22.308438899999999],[114.1792379,22.308309399999999],[114.1792382,22.308174999999999],[114.1792415,22.308005099999999],[114.17922590000001,22.307832600000001],[114.17917919999999,22.3076185],[114.1790913,22.307366500000001],[114.1790154,22.307156200000001],[114.17896380000001,22.307002300000001],[114.1788959,22.306818],[114.1787089,22.3061221]]},"properties":{"FID":37681,"osm_id":"53470407","code":5132,"fclass":"trunk_link","name":"公主道 Princess Margaret Road","ref":" ","oneway":"F","maxspeed":50,"layer":0,"bridge":"F","tunnel":"F"}},{"type":"Feature","id":37682,"geometry":{"type":"LineString","coordinates":[[114.17707129999999,22.303069399999998],[114.1771279,22.303133899999999],[114.17715490000001,22.303162700000001],[114.177583,22.303554699999999],[114.1777632,22.3037277],[114.1778887,22.303852800000001]]},"properties":{"FID":37682,"osm_id":"53470408","code":5114,"fclass":"secondary","name":"漆咸道南 Chatham Road South","ref":" ","oneway":"F","maxspeed":50,"layer":0,"bridge":"F","tunnel":"F"}},{"type":"Feature","id":37683,"geometry":{"type":"LineString","coordinates":[[114.178657,22.3058424],[114.1788225,22.305817900000001],[114.17899420000001,22.305834300000001],[114.1791709,22.3058604],[114.179363,22.305910699999998]]},"properties":{"FID":37683,"osm_id":"53470409","code":5112,"fclass":"trunk","name":"漆咸道北 Chatham Road North","ref":"5","oneway":"F","maxspeed":50,"layer":0,"bridge":"F","tunnel":"F"}},{"type":"Feature","id":41305,"geometry":{"type":"LineString","coordinates":[[114.1745849,22.303375800000001],[114.1745785,22.303296899999999],[114.1745974,22.303239099999999],[114.1746385,22.303201300000001],[114.17470299999999,22.3031614],[114.17490429999999,22.303012500000001],[114.1749488,22.302971299999999],[114.17500339999999,22.3029206],[114.1750716,22.302855900000001],[114.1751149,22.302808800000001],[114.17514660000001,22.302768100000002],[114.1751776,22.302721099999999],[114.1752316,22.302637399999998],[114.17527010000001,22.3025588]]},"properties":{"FID":41305,"osm_id":"56740686","code":5121,"fclass":"unclassified","name":"柯士甸路 Austin Avenue","ref":" ","oneway":"B","maxspeed":0,"layer":0,"bridge":"F","tunnel":"F"}},{"type":"Feature","id":41309,"geometry":{"type":"LineString","coordinates":[[114.1754299,22.301957099999999],[114.1754376,22.302037599999998],[114.17544169999999,22.3021043],[114.1754202,22.302162299999999],[114.1754021,22.302208499999999],[114.1753791,22.302262200000001],[114.1753085,22.302416699999998],[114.17527010000001,22.3025588]]},"properties":{"FID":41309,"osm_id":"56752300","code":5121,"fclass":"unclassified","name":"柯士甸路 Austin Avenue","ref":" ","oneway":"F","maxspeed":0,"layer":0,"bridge":"F","tunnel":"F"}},{"type":"Feature","id":45060,"geometry":{"type":"LineString","coordinates":[[114.17443160000001,22.301638000000001],[114.174648,22.301491299999999],[114.17476310000001,22.301414600000001],[114.1751086,22.301202700000001],[114.1756037,22.3010296],[114.1762402,22.300837900000001]]},"properties":{"FID":45060,"osm_id":"60682077","code":5122,"fclass":"residential","name":"天文臺道 Observatory Road","ref":" ","oneway":"B","maxspeed":0,"layer":0,"bridge":"F","tunnel":"F"}},{"type":"Feature","id":55449,"geometry":{"type":"LineString","coordinates":[[114.18382269999999,22.306281200000001],[114.18389259999999,22.306376400000001],[114.18419280000001,22.306812099999998],[114.1842278,22.3068569],[114.18425910000001,22.306900200000001],[114.1843657,22.3070369],[114.18442880000001,22.307123600000001],[114.1846992,22.307492199999999],[114.18498700000001,22.3078927]]},"properties":{"FID":55449,"osm_id":"85320682","code":5115,"fclass":"tertiary","name":"機利士南路 Gillies Avenue South","ref":" ","oneway":"F","maxspeed":0,"layer":0,"bridge":"F","tunnel":"F"}},{"type":"Feature","id":55455,"geometry":{"type":"LineString","coordinates":[[114.17710289999999,22.3061954],[114.1769396,22.306217100000001],[114.1756352,22.306643300000001]]},"properties":{"FID":55455,"osm_id":"85320702","code":5132,"fclass":"trunk_link","name":"加士居道天橋 Gascoigne Road Flyover","ref":" ","oneway":"F","maxspeed":50,"layer":1,"bridge":"T","tunnel":"F"}},{"type":"Feature","id":55456,"geometry":{"type":"LineString","coordinates":[[114.178792,22.302010500000002],[114.1786924,22.301728600000001]]},"properties":{"FID":55456,"osm_id":"85320704","code":5141,"fclass":"service","name":" ","ref":" ","oneway":"F","maxspeed":0,"layer":0,"bridge":"F","tunnel":"F"}},{"type":"Feature","id":55458,"geometry":{"type":"LineString","coordinates":[[114.1756352,22.306643300000001],[114.17521429999999,22.306737500000001]]},"properties":{"FID":55458,"osm_id":"85320710","code":5132,"fclass":"trunk_link","name":" ","ref":" ","oneway":"F","maxspeed":0,"layer":0,"bridge":"F","tunnel":"F"}},{"type":"Feature","id":55459,"geometry":{"type":"LineString","coordinates":[[114.1826959,22.3065757],[114.1824115,22.3067533]]},"properties":{"FID":55459,"osm_id":"85320711","code":5122,"fclass":"residential","name":"暢行里 Cheong Hang Lane","ref":" ","oneway":"B","maxspeed":0,"layer":0,"bridge":"F","tunnel":"F"}},{"type":"Feature","id":55461,"geometry":{"type":"LineString","coordinates":[[114.1829273,22.303518400000002],[114.1828223,22.303412600000001],[114.18275079999999,22.303305600000002]]},"properties":{"FID":55461,"osm_id":"85320714","code":5135,"fclass":"tertiary_link","name":" ","ref":" ","oneway":"F","maxspeed":0,"layer":1,"bridge":"F","tunnel":"F"}},{"type":"Feature","id":55468,"geometry":{"type":"LineString","coordinates":[[114.1829273,22.303518400000002],[114.1829848,22.303008999999999],[114.18298540000001,22.3027379],[114.1830224,22.302599399999998],[114.1830686,22.302418200000002]]},"properties":{"FID":55468,"osm_id":"85320732","code":5115,"fclass":"tertiary","name":"都會道 Metropolis Drive","ref":" ","oneway":"F","maxspeed":0,"layer":1,"bridge":"F","tunnel":"F"}},{"type":"Feature","id":55470,"geometry":{"type":"LineString","coordinates":[[114.1826677,22.3020602],[114.1826057,22.302026000000001],[114.1824976,22.3019885]]},"properties":{"FID":55470,"osm_id":"85320743","code":5115,"fclass":"tertiary","name":"暢運道 Cheong Wan Road","ref":" ","oneway":"F","maxspeed":0,"layer":1,"bridge":"F","tunnel":"F"}},{"type":"Feature","id":55471,"geometry":{"type":"LineString","coordinates":[[114.1803764,22.308143099999999],[114.1812963,22.308070600000001],[114.1814754,22.308060300000001],[114.1816438,22.308079800000002]]},"properties":{"FID":55471,"osm_id":"85320748","code":5132,"fclass":"trunk_link","name":" ","ref":" ","oneway":"F","maxspeed":50,"layer":1,"bridge":"T","tunnel":"F"}},{"type":"Feature","id":55472,"geometry":{"type":"LineString","coordinates":[[114.1839847,22.303507499999998],[114.1839727,22.303720899999998],[114.1839366,22.303859800000001],[114.18389120000001,22.303995700000002],[114.18382269999999,22.304178700000001],[114.1836122,22.304641499999999]]},"properties":{"FID":55472,"osm_id":"85320753","code":5133,"fclass":"primary_link","name":"紅磡繞道 Hung Hom Bypass","ref":" ","oneway":"F","maxspeed":50,"layer":2,"bridge":"T","tunnel":"F"}},{"type":"Feature","id":55474,"geometry":{"type":"LineString","coordinates":[[114.1746598,22.3071251],[114.1750117,22.306994299999999]]},"properties":{"FID":55474,"osm_id":"85320757","code":5132,"fclass":"trunk_link","name":" ","ref":" ","oneway":"F","maxspeed":50,"layer":0,"bridge":"F","tunnel":"F"}},{"type":"Feature","id":55483,"geometry":{"type":"LineString","coordinates":[[114.18351269999999,22.307695500000001],[114.1833288,22.3074434],[114.18328270000001,22.307380299999998],[114.18286980000001,22.3068141]]},"properties":{"FID":55483,"osm_id":"85320775","code":5122,"fclass":"residential","name":"老龍坑街 Lo Lung Hang Street","ref":" ","oneway":"F","maxspeed":0,"layer":0,"bridge":"F","tunnel":"F"}},{"type":"Feature","id":55485,"geometry":{"type":"LineString","coordinates":[[114.1800295,22.306061799999998],[114.1798455,22.305888299999999],[114.1795814,22.3057576],[114.1794257,22.305695799999999],[114.1792119,22.305644699999998]]},"properties":{"FID":55485,"osm_id":"85320779","code":5112,"fclass":"trunk","name":"漆咸道北 Chatham Road North","ref":"5","oneway":"F","maxspeed":50,"layer":0,"bridge":"F","tunnel":"F"}},{"type":"Feature","id":55487,"geometry":{"type":"LineString","coordinates":[[114.1810219,22.302143099999999],[114.1810578,22.3021794],[114.181099,22.302282999999999]]},"properties":{"FID":55487,"osm_id":"85320781","code":5115,"fclass":"tertiary","name":"安運道 On Wan Road","ref":" ","oneway":"F","maxspeed":0,"layer":0,"bridge":"F","tunnel":"F"}},{"type":"Feature","id":55493,"geometry":{"type":"LineString","coordinates":[[114.1839435,22.307426499999998],[114.1837139,22.3071111]]},"properties":{"FID":55493,"osm_id":"85320789","code":5122,"fclass":"residential","name":"獲嘉道 Walker Road","ref":" ","oneway":"F","maxspeed":0,"layer":0,"bridge":"F","tunnel":"F"}},{"type":"Feature","id":55496,"geometry":{"type":"LineString","coordinates":[[114.1812075,22.3020496],[114.18111949999999,22.302050999999999]]},"properties":{"FID":55496,"osm_id":"85320795","code":5115,"fclass":"tertiary","name":"暢運道 Cheong Wan Road","ref":" ","oneway":"F","maxspeed":0,"layer":1,"bridge":"F","tunnel":"F"}},{"type":"Feature","id":55507,"geometry":{"type":"LineString","coordinates":[[114.1828507,22.302395799999999],[114.1827873,22.302257399999998],[114.1827445,22.302161600000002],[114.1827108,22.302111499999999],[114.1826677,22.3020602]]},"properties":{"FID":55507,"osm_id":"85320809","code":5115,"fclass":"tertiary","name":"暢運道 Cheong Wan Road","ref":" ","oneway":"F","maxspeed":0,"layer":1,"bridge":"F","tunnel":"F"}},{"type":"Feature","id":55512,"geometry":{"type":"LineString","coordinates":[[114.18290380000001,22.301988099999999],[114.1828204,22.3019824],[114.1824976,22.3019885]]},"properties":{"FID":55512,"osm_id":"85320816","code":5115,"fclass":"tertiary","name":"都會道 Metropolis Drive","ref":" ","oneway":"F","maxspeed":0,"layer":0,"bridge":"F","tunnel":"F"}},{"type":"Feature","id":55517,"geometry":{"type":"LineString","coordinates":[[114.1750117,22.306994299999999],[114.1762136,22.306585800000001],[114.17636400000001,22.3065213]]},"properties":{"FID":55517,"osm_id":"85320821","code":5132,"fclass":"trunk_link","name":"加士居道天橋 Gascoigne Road Flyover","ref":" ","oneway":"F","maxspeed":50,"layer":1,"bridge":"T","tunnel":"F"}},{"type":"Feature","id":55524,"geometry":{"type":"LineString","coordinates":[[114.18007040000001,22.3071883],[114.1799324,22.307302400000001],[114.1798608,22.307407300000001],[114.1798173,22.307507699999999],[114.1798029,22.307590999999999],[114.1797991,22.3076826],[114.1798144,22.3077693],[114.17985950000001,22.307888599999998],[114.17990880000001,22.3079447],[114.17996119999999,22.307992500000001],[114.18002850000001,22.3080514],[114.1800758,22.308085899999998],[114.1801739,22.308118100000002],[114.1802503,22.308135400000001],[114.1803764,22.308143099999999]]},"properties":{"FID":55524,"osm_id":"85320834","code":5132,"fclass":"trunk_link","name":" ","ref":" ","oneway":"F","maxspeed":50,"layer":0,"bridge":"F","tunnel":"F"}},{"type":"Feature","id":55535,"geometry":{"type":"LineString","coordinates":[[114.18303520000001,22.308667799999998],[114.18317039999999,22.308879699999999],[114.1832655,22.3089771],[114.1832903,22.309020700000001],[114.1833273,22.309094200000001],[114.1833397,22.309148499999999],[114.1833421,22.309221300000001],[114.1833365,22.309290399999998],[114.1833292,22.309326299999999],[114.1832144,22.309555599999999],[114.18316969999999,22.309641599999999],[114.1831511,22.309736900000001],[114.18315870000001,22.3098049],[114.18318290000001,22.3098645]]},"properties":{"FID":55535,"osm_id":"85320854","code":5132,"fclass":"trunk_link","name":"仁風街 Yan Fung Street","ref":" ","oneway":"F","maxspeed":0,"layer":0,"bridge":"F","tunnel":"F"}},{"type":"Feature","id":55584,"geometry":{"type":"LineString","coordinates":[[114.1804228,22.303344899999999],[114.18055440000001,22.303483]]},"properties":{"FID":55584,"osm_id":"85404031","code":5155,"fclass":"steps","name":" ","ref":" ","oneway":"B","maxspeed":0,"layer":1,"bridge":"T","tunnel":"F"}},{"type":"Feature","id":55589,"geometry":{"type":"LineString","coordinates":[[114.18055440000001,22.303483],[114.18088950000001,22.303472299999999],[114.1810112,22.3034684],[114.1810863,22.303466],[114.181158,22.303461599999999]]},"properties":{"FID":55589,"osm_id":"85404067","code":5153,"fclass":"footway","name":" ","ref":" ","oneway":"B","maxspeed":0,"layer":1,"bridge":"T","tunnel":"F"}},{"type":"Feature","id":55593,"geometry":{"type":"LineString","coordinates":[[114.18410249999999,22.30226],[114.1840979,22.302434999999999],[114.1840936,22.302782199999999],[114.18407259999999,22.303522399999999],[114.184044,22.3037885],[114.1839877,22.3040275],[114.1839404,22.304150700000001],[114.1838869,22.304259500000001],[114.18375829999999,22.304462999999998],[114.1836122,22.304641499999999]]},"properties":{"FID":55593,"osm_id":"85404098","code":5133,"fclass":"primary_link","name":"紅磡繞道 Hung Hom Bypass","ref":" ","oneway":"F","maxspeed":70,"layer":2,"bridge":"T","tunnel":"F"}},{"type":"Feature","id":55628,"geometry":{"type":"LineString","coordinates":[[114.1808241,22.301474500000001],[114.1807544,22.300823900000001],[114.1807405,22.3006174],[114.1807427,22.3004885],[114.1807633,22.300264599999998],[114.180807,22.300034100000001],[114.18081239999999,22.299848999999998],[114.18080310000001,22.299729899999999],[114.1807649,22.299641999999999],[114.18070160000001,22.299516300000001]]},"properties":{"FID":55628,"osm_id":"85460136","code":5113,"fclass":"primary","name":"梳士巴利道 Salisbury Road","ref":" ","oneway":"F","maxspeed":0,"layer":1,"bridge":"T","tunnel":"F"}},{"type":"Feature","id":55641,"geometry":{"type":"LineString","coordinates":[[114.18088950000001,22.303472299999999],[114.1808339,22.3032711]]},"properties":{"FID":55641,"osm_id":"85460152","code":5155,"fclass":"steps","name":" ","ref":" ","oneway":"B","maxspeed":0,"layer":1,"bridge":"T","tunnel":"F"}},{"type":"Feature","id":55647,"geometry":{"type":"LineString","coordinates":[[114.18028289999999,22.2996865],[114.1802994,22.299789199999999],[114.1803081,22.299935000000001],[114.1802948,22.3000753],[114.18022689999999,22.300369499999999],[114.18016249999999,22.300640000000001],[114.18010889999999,22.300834800000001],[114.1800365,22.3010272],[114.17996410000001,22.3011959]]},"properties":{"FID":55647,"osm_id":"85460158","code":5113,"fclass":"primary","name":"康莊道 Hong Chong Road","ref":" ","oneway":"F","maxspeed":0,"layer":0,"bridge":"F","tunnel":"F"}},{"type":"Feature","id":55961,"geometry":{"type":"LineString","coordinates":[[114.1788992,22.3020782],[114.17810919999999,22.302523399999998]]},"properties":{"FID":55961,"osm_id":"85651090","code":5114,"fclass":"secondary","name":"康達徑 Hong Tat Path","ref":" ","oneway":"F","maxspeed":0,"layer":0,"bridge":"F","tunnel":"F"}},{"type":"Feature","id":55963,"geometry":{"type":"LineString","coordinates":[[114.1792787,22.302426000000001],[114.17942069999999,22.302456500000002],[114.1794992,22.302482300000001],[114.1796133,22.302545599999998],[114.17968550000001,22.3025941],[114.1797763,22.302667499999998],[114.17981229999999,22.302710399999999],[114.17986380000001,22.302772399999998]]},"properties":{"FID":55963,"osm_id":"85651092","code":5114,"fclass":"secondary","name":"康泰徑 Hong Tai Path","ref":" ","oneway":"F","maxspeed":50,"layer":0,"bridge":"F","tunnel":"F"}},{"type":"Feature","id":60293,"geometry":{"type":"LineString","coordinates":[[114.17958179999999,22.301689700000001],[114.17937259999999,22.301829099999999],[114.1793473,22.3018459],[114.1790273,22.302009900000002],[114.17900969999999,22.3020189],[114.1788992,22.3020782]]},"properties":{"FID":60293,"osm_id":"90465814","code":5114,"fclass":"secondary","name":"康達徑 Hong Tat Path","ref":" ","oneway":"F","maxspeed":0,"layer":0,"bridge":"F","tunnel":"F"}},{"type":"Feature","id":71495,"geometry":{"type":"LineString","coordinates":[[114.1810438,22.304015100000001],[114.18087250000001,22.303584799999999]]},"properties":{"FID":71495,"osm_id":"98965986","code":5111,"fclass":"motorway","name":"康莊道 Hong Chong Road","ref":"1","oneway":"F","maxspeed":50,"layer":0,"bridge":"F","tunnel":"F"}},{"type":"Feature","id":71496,"geometry":{"type":"LineString","coordinates":[[114.1811249,22.304549099999999],[114.181314,22.304895699999999],[114.1813703,22.305053300000001],[114.1814693,22.3053113],[114.1814993,22.305494199999998],[114.1815004,22.305637399999998],[114.1814876,22.305751900000001],[114.181423,22.305950200000002],[114.1813509,22.3060978],[114.1812748,22.306211900000001],[114.1810974,22.306387000000001]]},"properties":{"FID":71496,"osm_id":"98965987","code":5112,"fclass":"trunk","name":"康莊道 Hong Chong Road","ref":"1","oneway":"F","maxspeed":70,"layer":0,"bridge":"F","tunnel":"F"}},{"type":"Feature","id":76706,"geometry":{"type":"LineString","coordinates":[[114.18333250000001,22.305888800000002],[114.1833817,22.305963299999998],[114.1834786,22.306105599999999]]},"properties":{"FID":76706,"osm_id":"101558256","code":5115,"fclass":"tertiary","name":"溫思勞街 Winslow Street","ref":" ","oneway":"F","maxspeed":0,"layer":0,"bridge":"F","tunnel":"F"}},{"type":"Feature","id":76707,"geometry":{"type":"LineString","coordinates":[[114.1838936,22.302181999999998],[114.18317620000001,22.302156700000001]]},"properties":{"FID":76707,"osm_id":"101558259","code":5115,"fclass":"tertiary","name":"都會道 Metropolis Drive","ref":" ","oneway":"F","maxspeed":0,"layer":1,"bridge":"T","tunnel":"F"}},{"type":"Feature","id":76708,"geometry":{"type":"LineString","coordinates":[[114.1834628,22.304989299999999],[114.1837606,22.304754800000001],[114.1840569,22.304435999999999],[114.1842977,22.304042299999999],[114.1843909,22.303757600000001],[114.1844428,22.303515600000001],[114.1844718,22.3033681],[114.1844917,22.303197300000001],[114.1845057,22.303073399999999],[114.1845197,22.302777899999999],[114.1845319,22.302274700000002]]},"properties":{"FID":76708,"osm_id":"101558260","code":5133,"fclass":"primary_link","name":"紅磡繞道 Hung Hom Bypass","ref":" ","oneway":"F","maxspeed":50,"layer":2,"bridge":"T","tunnel":"F"}},{"type":"Feature","id":76709,"geometry":{"type":"LineString","coordinates":[[114.1841094,22.301937200000001],[114.1840332,22.302050900000001],[114.1840177,22.302074000000001],[114.1838936,22.302181999999998]]},"properties":{"FID":76709,"osm_id":"101558262","code":5133,"fclass":"primary_link","name":"紅磡繞道 Hung Hom Bypass","ref":" ","oneway":"F","maxspeed":50,"layer":2,"bridge":"T","tunnel":"F"}},{"type":"Feature","id":76713,"geometry":{"type":"LineString","coordinates":[[114.18410280000001,22.302181099999999],[114.1838936,22.302181999999998]]},"properties":{"FID":76713,"osm_id":"101558270","code":5115,"fclass":"tertiary","name":"都會道 Metropolis Drive","ref":" ","oneway":"F","maxspeed":0,"layer":2,"bridge":"T","tunnel":"F"}},{"type":"Feature","id":76715,"geometry":{"type":"LineString","coordinates":[[114.1838961,22.302267700000002],[114.1840091,22.3023244],[114.1840979,22.302434999999999]]},"properties":{"FID":76715,"osm_id":"101558274","code":5133,"fclass":"primary_link","name":"紅磡繞道 Hung Hom Bypass","ref":" ","oneway":"F","maxspeed":0,"layer":2,"bridge":"T","tunnel":"F"}},{"type":"Feature","id":76718,"geometry":{"type":"LineString","coordinates":[[114.1811249,22.304549099999999],[114.18125499999999,22.3049179],[114.1813315,22.3051271],[114.18138949999999,22.305321200000002],[114.18142280000001,22.305502100000002],[114.18142109999999,22.305638900000002],[114.1813923,22.305769900000001],[114.1812975,22.305956200000001],[114.1811732,22.306107999999998]]},"properties":{"FID":76718,"osm_id":"101558279","code":5132,"fclass":"trunk_link","name":"康莊道 Hong Chong Road","ref":" ","oneway":"F","maxspeed":50,"layer":0,"bridge":"F","tunnel":"F"}},{"type":"Feature","id":76724,"geometry":{"type":"LineString","coordinates":[[114.1811732,22.306107999999998],[114.1810406,22.306219899999999],[114.18087989999999,22.3063623],[114.1808309,22.306443000000002],[114.18081410000001,22.306534899999999],[114.1808193,22.306617200000002],[114.1808466,22.306691099999998],[114.18088779999999,22.306739499999999],[114.1809543,22.306757999999999],[114.18102639999999,22.306762599999999],[114.18110849999999,22.3067289],[114.1811592,22.306676100000001],[114.1812303,22.306599800000001],[114.1812896,22.306534800000001],[114.1813444,22.306479299999999]]},"properties":{"FID":76724,"osm_id":"101558286","code":5132,"fclass":"trunk_link","name":"康莊道 Hong Chong Road","ref":" ","oneway":"F","maxspeed":50,"layer":0,"bridge":"F","tunnel":"F"}},{"type":"Feature","id":78770,"geometry":{"type":"LineString","coordinates":[[114.18135239999999,22.3077048],[114.18160020000001,22.3074215]]},"properties":{"FID":78770,"osm_id":"102255193","code":5153,"fclass":"footway","name":" ","ref":" ","oneway":"B","maxspeed":0,"layer":-1,"bridge":"F","tunnel":"T"}},{"type":"Feature","id":81561,"geometry":{"type":"LineString","coordinates":[[114.17572989999999,22.3025284],[114.1756341,22.3023369]]},"properties":{"FID":81561,"osm_id":"103020358","code":5122,"fclass":"residential","name":"金巴利道 Kimberley Road","ref":" ","oneway":"B","maxspeed":0,"layer":0,"bridge":"F","tunnel":"F"}},{"type":"Feature","id":81564,"geometry":{"type":"LineString","coordinates":[[114.18077409999999,22.301791000000001],[114.1807542,22.301739999999999],[114.1807421,22.3015322],[114.1807479,22.301405899999999],[114.18070590000001,22.301069200000001],[114.18068700000001,22.300880299999999],[114.18067379999999,22.300687799999999],[114.1806668,22.300514199999999],[114.1806704,22.300376400000001],[114.1807048,22.3001513],[114.1806991,22.300076900000001],[114.1806739,22.3000215],[114.1806105,22.2999805],[114.1805481,22.299962399999998],[114.18047749999999,22.299970299999998],[114.18041409999999,22.300017100000002],[114.1803792,22.3000623],[114.1802385,22.300703800000001],[114.1801882,22.300917999999999],[114.18012299999999,22.3011087],[114.1799374,22.3014765],[114.17988250000001,22.301596],[114.1798414,22.301723500000001],[114.1798233,22.3017957],[114.17980679999999,22.301977900000001],[114.179823,22.302005099999999],[114.179884,22.3020338],[114.17992940000001,22.302030899999998]]},"properties":{"FID":81564,"osm_id":"103020371","code":5141,"fclass":"service","name":" ","ref":" ","oneway":"F","maxspeed":0,"layer":0,"bridge":"F","tunnel":"F"}},{"type":"Feature","id":81565,"geometry":{"type":"LineString","coordinates":[[114.1761345,22.300524599999999],[114.1762402,22.300837900000001],[114.17628759999999,22.300972000000002],[114.17635079999999,22.3011567],[114.17648,22.301545699999998],[114.1766198,22.301954299999998],[114.1768428,22.302539800000002]]},"properties":{"FID":81565,"osm_id":"103020378","code":5114,"fclass":"secondary","name":"漆咸道南 Chatham Road South","ref":" ","oneway":"F","maxspeed":0,"layer":0,"bridge":"F","tunnel":"F"}},{"type":"Feature","id":81574,"geometry":{"type":"LineString","coordinates":[[114.1784413,22.302109300000001],[114.1783554,22.302081099999999],[114.1782943,22.301907499999999],[114.17834499999999,22.3018131]]},"properties":{"FID":81574,"osm_id":"103020413","code":5141,"fclass":"service","name":" ","ref":" ","oneway":"F","maxspeed":0,"layer":0,"bridge":"F","tunnel":"F"}},{"type":"Feature","id":81575,"geometry":{"type":"LineString","coordinates":[[114.17872269999999,22.3020301],[114.178623,22.3017428],[114.1786039,22.3016878]]},"properties":{"FID":81575,"osm_id":"103020416","code":5141,"fclass":"service","name":" ","ref":" ","oneway":"F","maxspeed":0,"layer":0,"bridge":"F","tunnel":"F"}},{"type":"Feature","id":81583,"geometry":{"type":"LineString","coordinates":[[114.17666819999999,22.3064836],[114.1767754,22.3064839],[114.17687290000001,22.306524899999999],[114.17694419999999,22.306600199999998],[114.17697750000001,22.306696599999999]]},"properties":{"FID":81583,"osm_id":"103020434","code":5135,"fclass":"tertiary_link","name":"衛理道 Wylie Road","ref":" ","oneway":"F","maxspeed":0,"layer":0,"bridge":"F","tunnel":"F"}},{"type":"Feature","id":81584,"geometry":{"type":"LineString","coordinates":[[114.17697750000001,22.306696599999999],[114.1770203,22.306558200000001],[114.1770314,22.306522300000001],[114.1770834,22.306353900000001]]},"properties":{"FID":81584,"osm_id":"103020437","code":5115,"fclass":"tertiary","name":"衛理道 Wylie Road","ref":" ","oneway":"B","maxspeed":0,"layer":0,"bridge":"F","tunnel":"F"}},{"type":"Feature","id":81586,"geometry":{"type":"LineString","coordinates":[[114.1767543,22.307419599999999],[114.17740190000001,22.3075817],[114.1774515,22.3076635],[114.17733,22.308131100000001],[114.17734110000001,22.308160600000001],[114.1773534,22.308183199999998],[114.1773671,22.3082028],[114.17745170000001,22.308240399999999],[114.1778899,22.308405700000002],[114.1779239,22.308414500000001],[114.17795049999999,22.308413600000002],[114.1779782,22.308401700000001],[114.1779974,22.308390899999999],[114.1780155,22.308364300000001],[114.1781996,22.307866400000002]]},"properties":{"FID":81586,"osm_id":"103020441","code":5122,"fclass":"residential","name":"衛理徑 Wylie Path","ref":" ","oneway":"B","maxspeed":0,"layer":0,"bridge":"F","tunnel":"F"}},{"type":"Feature","id":81588,"geometry":{"type":"LineString","coordinates":[[114.17745170000001,22.308240399999999],[114.1773626,22.308386299999999],[114.1773594,22.3084129],[114.17737320000001,22.308436499999999],[114.1773967,22.308453199999999],[114.1774243,22.308465099999999],[114.17774470000001,22.3085527],[114.17778199999999,22.3085606],[114.1779523,22.308561600000001]]},"properties":{"FID":81588,"osm_id":"103020446","code":5141,"fclass":"service","name":" ","ref":" ","oneway":"B","maxspeed":0,"layer":0,"bridge":"F","tunnel":"F"}},{"type":"Feature","id":81590,"geometry":{"type":"LineString","coordinates":[[114.1785816,22.302069800000002],[114.17848480000001,22.301777699999999],[114.1784487,22.301671599999999],[114.17842229999999,22.301605800000001]]},"properties":{"FID":81590,"osm_id":"103020456","code":5141,"fclass":"service","name":" ","ref":" ","oneway":"F","maxspeed":0,"layer":0,"bridge":"F","tunnel":"F"}},{"type":"Feature","id":81595,"geometry":{"type":"LineString","coordinates":[[114.178652,22.3020499],[114.1785816,22.302069800000002],[114.1785114,22.302089599999999],[114.17841490000001,22.3017954],[114.17838140000001,22.3016948],[114.17842229999999,22.301605800000001]]},"properties":{"FID":81595,"osm_id":"103020478","code":5141,"fclass":"service","name":" ","ref":" ","oneway":"F","maxspeed":0,"layer":0,"bridge":"F","tunnel":"F"}},{"type":"Feature","id":81596,"geometry":{"type":"LineString","coordinates":[[114.177024,22.302600699999999],[114.1769632,22.3024944],[114.1768727,22.302287199999999],[114.1767333,22.3019125],[114.1765966,22.301520400000001],[114.1764457,22.3010743],[114.1763411,22.3007864],[114.1762519,22.3005228],[114.1761753,22.300246699999999],[114.1759964,22.299663500000001],[114.1759631,22.299553800000002],[114.1759284,22.299387800000002],[114.1759279,22.299385399999998],[114.1758683,22.298994700000002],[114.17581869999999,22.298670900000001],[114.1757329,22.298105100000001],[114.17558200000001,22.297255700000001]]},"properties":{"FID":81596,"osm_id":"103020485","code":5114,"fclass":"secondary","name":"漆咸道南 Chatham Road South","ref":" ","oneway":"F","maxspeed":0,"layer":0,"bridge":"F","tunnel":"F"}},{"type":"Feature","id":81599,"geometry":{"type":"LineString","coordinates":[[114.1788418,22.302869300000001],[114.17870139999999,22.302905500000001],[114.1783267,22.302698199999998],[114.1783166,22.302687200000001],[114.17830979999999,22.3026725],[114.1782875,22.302614999999999],[114.1782669,22.302561799999999]]},"properties":{"FID":81599,"osm_id":"103020493","code":5141,"fclass":"service","name":"育才道 Yuk Choi Road","ref":" ","oneway":"F","maxspeed":0,"layer":0,"bridge":"F","tunnel":"F"}},{"type":"Feature","id":81602,"geometry":{"type":"LineString","coordinates":[[114.17740190000001,22.3075817],[114.17760509999999,22.3076404],[114.1776863,22.307611699999999]]},"properties":{"FID":81602,"osm_id":"103020504","code":5141,"fclass":"service","name":" ","ref":" ","oneway":"B","maxspeed":0,"layer":0,"bridge":"F","tunnel":"F"}},{"type":"Feature","id":81604,"geometry":{"type":"LineString","coordinates":[[114.17900969999999,22.3020189],[114.1788762,22.301919600000002]]},"properties":{"FID":81604,"osm_id":"103020511","code":5141,"fclass":"service","name":" ","ref":" ","oneway":"B","maxspeed":0,"layer":0,"bridge":"F","tunnel":"F"}},{"type":"Feature","id":81606,"geometry":{"type":"LineString","coordinates":[[114.1806065,22.302294799999999],[114.1806591,22.3022168],[114.1807972,22.302012000000001],[114.18077409999999,22.301791000000001]]},"properties":{"FID":81606,"osm_id":"103020514","code":5141,"fclass":"service","name":" ","ref":" ","oneway":"F","maxspeed":0,"layer":0,"bridge":"F","tunnel":"F"}},{"type":"Feature","id":81607,"geometry":{"type":"LineString","coordinates":[[114.17527010000001,22.3025588],[114.1753215,22.302499600000001],[114.17538620000001,22.302450400000001],[114.17548600000001,22.302392399999999],[114.1756341,22.3023369]]},"properties":{"FID":81607,"osm_id":"103020522","code":5122,"fclass":"residential","name":"柯士甸路 Austin Avenue","ref":" ","oneway":"F","maxspeed":0,"layer":0,"bridge":"F","tunnel":"F"}},{"type":"Feature","id":81609,"geometry":{"type":"LineString","coordinates":[[114.1755715,22.302193500000001],[114.1755127,22.302154900000001],[114.1754651,22.3021536],[114.1754202,22.302162299999999]]},"properties":{"FID":81609,"osm_id":"103020527","code":5122,"fclass":"residential","name":"金巴利道 Kimberley Road","ref":" ","oneway":"F","maxspeed":0,"layer":0,"bridge":"F","tunnel":"F"}},{"type":"Feature","id":81621,"geometry":{"type":"LineString","coordinates":[[114.1770834,22.306353900000001],[114.1770468,22.3062781],[114.17699020000001,22.306154100000001]]},"properties":{"FID":81621,"osm_id":"103020563","code":5115,"fclass":"tertiary","name":"衛理道 Wylie Road","ref":" ","oneway":"B","maxspeed":0,"layer":0,"bridge":"F","tunnel":"F"}},{"type":"Feature","id":81622,"geometry":{"type":"LineString","coordinates":[[114.1766075,22.308389099999999],[114.1770049,22.308480599999999],[114.1768996,22.3088783]]},"properties":{"FID":81622,"osm_id":"103020568","code":5141,"fclass":"service","name":" ","ref":" ","oneway":"B","maxspeed":0,"layer":0,"bridge":"F","tunnel":"F"}},{"type":"Feature","id":81631,"geometry":{"type":"LineString","coordinates":[[114.1786924,22.301728600000001],[114.1786039,22.3016878],[114.1785161,22.301648499999999]]},"properties":{"FID":81631,"osm_id":"103020605","code":5141,"fclass":"service","name":" ","ref":" ","oneway":"F","maxspeed":0,"layer":0,"bridge":"F","tunnel":"F"}},{"type":"Feature","id":81632,"geometry":{"type":"LineString","coordinates":[[114.1784413,22.302109300000001],[114.17834499999999,22.3018131]]},"properties":{"FID":81632,"osm_id":"103020606","code":5141,"fclass":"service","name":" ","ref":" ","oneway":"F","maxspeed":0,"layer":0,"bridge":"F","tunnel":"F"}},{"type":"Feature","id":81633,"geometry":{"type":"LineString","coordinates":[[114.1769152,22.303065799999999],[114.17636039999999,22.3032963],[114.1761808,22.303361500000001],[114.1760664,22.303396100000001],[114.17594800000001,22.3034189],[114.17581319999999,22.303421199999999],[114.1756288,22.303410299999999],[114.17551159999999,22.3034055],[114.1745849,22.303375800000001]]},"properties":{"FID":81633,"osm_id":"103020609","code":5114,"fclass":"secondary","name":"柯士甸道 Austin Road","ref":" ","oneway":"B","maxspeed":0,"layer":0,"bridge":"F","tunnel":"F"}},{"type":"Feature","id":81639,"geometry":{"type":"LineString","coordinates":[[114.176408,22.3087667],[114.1753152,22.3085077],[114.175352,22.308348599999999],[114.17527149999999,22.308330600000001],[114.1752315,22.308485999999998],[114.1753152,22.3085077]]},"properties":{"FID":81639,"osm_id":"103020617","code":5141,"fclass":"service","name":" ","ref":" ","oneway":"B","maxspeed":0,"layer":0,"bridge":"F","tunnel":"F"}},{"type":"Feature","id":81640,"geometry":{"type":"LineString","coordinates":[[114.17531940000001,22.3090233],[114.1753399,22.309017900000001],[114.1753523,22.309009100000001],[114.17536200000001,22.308991299999999],[114.17540510000001,22.3088309],[114.1754097,22.308792100000002],[114.17540630000001,22.308760899999999],[114.1753958,22.3087318],[114.1753806,22.3087081],[114.175355,22.308685499999999],[114.17532009999999,22.308674799999999],[114.1750346,22.308612400000001]]},"properties":{"FID":81640,"osm_id":"103020618","code":5141,"fclass":"service","name":" ","ref":" ","oneway":"F","maxspeed":0,"layer":0,"bridge":"F","tunnel":"F"}},{"type":"Feature","id":81649,"geometry":{"type":"LineString","coordinates":[[114.1775253,22.3027473],[114.1773637,22.302821999999999],[114.1771985,22.302898599999999]]},"properties":{"FID":81649,"osm_id":"103020634","code":5114,"fclass":"secondary","name":"暢運道 Cheong Wan Road","ref":" ","oneway":"F","maxspeed":0,"layer":0,"bridge":"F","tunnel":"F"}},{"type":"Feature","id":81650,"geometry":{"type":"LineString","coordinates":[[114.1731661,22.300615799999999],[114.1732363,22.3006274],[114.17415680000001,22.300821800000001],[114.17469060000001,22.3009345],[114.1747795,22.3009716],[114.1748604,22.301016099999998],[114.1749468,22.301065999999999],[114.1750002,22.301111599999999],[114.17506760000001,22.301167299999999],[114.1751086,22.301202700000001],[114.1751524,22.301304600000002],[114.1751999,22.3014215],[114.1753695,22.3018067],[114.1754299,22.301957099999999]]},"properties":{"FID":81650,"osm_id":"103020640","code":5121,"fclass":"unclassified","name":"金巴利道 Kimberley Road","ref":" ","oneway":"F","maxspeed":0,"layer":0,"bridge":"F","tunnel":"F"}},{"type":"Feature","id":81651,"geometry":{"type":"LineString","coordinates":[[114.1783361,22.3025381],[114.17852139999999,22.302447000000001]]},"properties":{"FID":81651,"osm_id":"103020647","code":5115,"fclass":"tertiary","name":"暢運道 Cheong Wan Road","ref":" ","oneway":"F","maxspeed":0,"layer":0,"bridge":"F","tunnel":"F"}},{"type":"Feature","id":81652,"geometry":{"type":"LineString","coordinates":[[114.178652,22.3020499],[114.17855400000001,22.3017602],[114.17854269999999,22.301726800000001]]},"properties":{"FID":81652,"osm_id":"103020649","code":5141,"fclass":"service","name":" ","ref":" ","oneway":"F","maxspeed":0,"layer":0,"bridge":"F","tunnel":"F"}},{"type":"Feature","id":81653,"geometry":{"type":"LineString","coordinates":[[114.17829690000001,22.305533700000002],[114.1783575,22.3055719],[114.17840200000001,22.3055965],[114.1784712,22.305599900000001],[114.17853770000001,22.305578499999999],[114.1785885,22.305534900000001],[114.1786111,22.305489699999999],[114.17863560000001,22.305423600000001],[114.1786256,22.305330600000001]]},"properties":{"FID":81653,"osm_id":"103020654","code":5134,"fclass":"secondary_link","name":"漆咸道南 Chatham Road South","ref":" ","oneway":"F","maxspeed":50,"layer":0,"bridge":"F","tunnel":"F"}},{"type":"Feature","id":81655,"geometry":{"type":"LineString","coordinates":[[114.1770834,22.306353900000001],[114.17729749999999,22.3062842],[114.1782817,22.3059698],[114.178657,22.3058424]]},"properties":{"FID":81655,"osm_id":"103020666","code":5132,"fclass":"trunk_link","name":"加士居道 Gascoigne Road","ref":" ","oneway":"F","maxspeed":50,"layer":0,"bridge":"F","tunnel":"F"}},{"type":"Feature","id":86898,"geometry":{"type":"LineString","coordinates":[[114.181248,22.303864000000001],[114.1812769,22.303834500000001],[114.18130859999999,22.303828599999999],[114.18137110000001,22.3038439]]},"properties":{"FID":86898,"osm_id":"105025204","code":5141,"fclass":"service","name":"順風道 Railway Approach","ref":" ","oneway":"F","maxspeed":0,"layer":1,"bridge":"F","tunnel":"F"}},{"type":"Feature","id":86899,"geometry":{"type":"LineString","coordinates":[[114.1825584,22.303694100000001],[114.1825734,22.303636300000001],[114.1825822,22.3036022]]},"properties":{"FID":86899,"osm_id":"105025208","code":5141,"fclass":"service","name":" ","ref":" ","oneway":"F","maxspeed":0,"layer":2,"bridge":"F","tunnel":"F"}},{"type":"Feature","id":86900,"geometry":{"type":"LineString","coordinates":[[114.1838254,22.302615500000002],[114.1837412,22.302700900000001],[114.18373649999999,22.302879600000001],[114.18382510000001,22.302960299999999]]},"properties":{"FID":86900,"osm_id":"105025211","code":5141,"fclass":"service","name":"都會道 Metropolis Drive","ref":" ","oneway":"F","maxspeed":0,"layer":2,"bridge":"F","tunnel":"F"}},{"type":"Feature","id":86901,"geometry":{"type":"LineString","coordinates":[[114.1817491,22.3020423],[114.18169640000001,22.3020101],[114.1815217,22.3020174],[114.1814894,22.301926699999999],[114.1811513,22.301959499999999],[114.18111949999999,22.302050999999999]]},"properties":{"FID":86901,"osm_id":"105025213","code":5141,"fclass":"service","name":" ","ref":" ","oneway":"F","maxspeed":0,"layer":0,"bridge":"F","tunnel":"F"}},{"type":"Feature","id":86902,"geometry":{"type":"LineString","coordinates":[[114.1825874,22.304081100000001],[114.1827796,22.303903900000002],[114.1828019,22.303835299999999],[114.18279939999999,22.3037475]]},"properties":{"FID":86902,"osm_id":"105025216","code":5141,"fclass":"service","name":" ","ref":" ","oneway":"F","maxspeed":0,"layer":1,"bridge":"F","tunnel":"F"}},{"type":"Feature","id":86903,"geometry":{"type":"LineString","coordinates":[[114.1815713,22.305290800000002],[114.181584,22.3050088],[114.1815323,22.3048143],[114.1814892,22.3046875]]},"properties":{"FID":86903,"osm_id":"105025218","code":5141,"fclass":"service","name":"順風道 Railway Approach","ref":" ","oneway":"F","maxspeed":50,"layer":0,"bridge":"F","tunnel":"F"}},{"type":"Feature","id":86904,"geometry":{"type":"LineString","coordinates":[[114.1819193,22.304108899999999],[114.182,22.304169000000002],[114.18204,22.304259999999999]]},"properties":{"FID":86904,"osm_id":"105025220","code":5115,"fclass":"tertiary","name":"暢運道 Cheong Wan Road","ref":" ","oneway":"F","maxspeed":0,"layer":1,"bridge":"F","tunnel":"F"}},{"type":"Feature","id":86905,"geometry":{"type":"LineString","coordinates":[[114.182087,22.304258000000001],[114.18210000000001,22.304168000000001],[114.18218160000001,22.3041029]]},"properties":{"FID":86905,"osm_id":"105025222","code":5115,"fclass":"tertiary","name":"暢運道 Cheong Wan Road","ref":" ","oneway":"F","maxspeed":0,"layer":1,"bridge":"F","tunnel":"F"}},{"type":"Feature","id":86906,"geometry":{"type":"LineString","coordinates":[[114.18368409999999,22.303820999999999],[114.183643,22.303803299999998],[114.1835741,22.303832199999999],[114.18351989999999,22.303895300000001],[114.1835461,22.3040193]]},"properties":{"FID":86906,"osm_id":"105025226","code":5141,"fclass":"service","name":"都會道 Metropolis Drive","ref":" ","oneway":"F","maxspeed":0,"layer":2,"bridge":"F","tunnel":"F"}},{"type":"Feature","id":86907,"geometry":{"type":"LineString","coordinates":[[114.1836758,22.304655199999999],[114.18361659999999,22.3047197],[114.1835535,22.3047802],[114.1834946,22.304822600000001],[114.18340999999999,22.304860300000001],[114.1833322,22.304887600000001],[114.1832556,22.3049167]]},"properties":{"FID":86907,"osm_id":"105025227","code":5115,"fclass":"tertiary","name":"暢通道 Cheong Tung Road","ref":" ","oneway":"F","maxspeed":0,"layer":0,"bridge":"F","tunnel":"F"}},{"type":"Feature","id":86908,"geometry":{"type":"LineString","coordinates":[[114.1820732,22.3040004],[114.1821425,22.303936700000001],[114.1822099,22.303874799999999],[114.1822813,22.3038092]]},"properties":{"FID":86908,"osm_id":"105025234","code":5141,"fclass":"service","name":" ","ref":" ","oneway":"F","maxspeed":0,"layer":1,"bridge":"F","tunnel":"F"}},{"type":"Feature","id":86909,"geometry":{"type":"LineString","coordinates":[[114.1824574,22.304089999999999],[114.1825874,22.304081100000001]]},"properties":{"FID":86909,"osm_id":"105025236","code":5115,"fclass":"tertiary","name":"安運道 On Wan Road","ref":" ","oneway":"F","maxspeed":0,"layer":1,"bridge":"F","tunnel":"F"}},{"type":"Feature","id":86910,"geometry":{"type":"LineString","coordinates":[[114.1830726,22.301569700000002],[114.18312160000001,22.3015714]]},"properties":{"FID":86910,"osm_id":"105025243","code":5141,"fclass":"service","name":" ","ref":" ","oneway":"B","maxspeed":0,"layer":2,"bridge":"F","tunnel":"F"}},{"type":"Feature","id":86911,"geometry":{"type":"LineString","coordinates":[[114.1814892,22.3046875],[114.1813435,22.304367299999999],[114.1813061,22.304252699999999],[114.1812498,22.304046400000001],[114.1812413,22.303955899999998],[114.181248,22.303864000000001]]},"properties":{"FID":86911,"osm_id":"105025245","code":5141,"fclass":"service","name":"順風道 Railway Approach","ref":" ","oneway":"F","maxspeed":50,"layer":1,"bridge":"T","tunnel":"F"}},{"type":"Feature","id":86912,"geometry":{"type":"LineString","coordinates":[[114.1814519,22.303986699999999],[114.18138159999999,22.303999399999999],[114.1813757,22.304060799999998],[114.18139119999999,22.304103000000001],[114.18141180000001,22.304121899999998],[114.18146299999999,22.304137999999998],[114.1815617,22.304137600000001],[114.1816426,22.304130799999999]]},"properties":{"FID":86912,"osm_id":"105025247","code":5141,"fclass":"service","name":" ","ref":" ","oneway":"F","maxspeed":0,"layer":1,"bridge":"F","tunnel":"F"}},{"type":"Feature","id":86913,"geometry":{"type":"LineString","coordinates":[[114.1815012,22.303538799999998],[114.1814715,22.303569199999998],[114.18144580000001,22.303598000000001]]},"properties":{"FID":86913,"osm_id":"105025250","code":5141,"fclass":"service","name":" ","ref":" ","oneway":"F","maxspeed":0,"layer":2,"bridge":"T","tunnel":"F"}},{"type":"Feature","id":86914,"geometry":{"type":"LineString","coordinates":[[114.18292529999999,22.303304000000001],[114.18282600000001,22.303137899999999],[114.18276590000001,22.302577500000002],[114.1827523,22.302498],[114.182722,22.302313399999999],[114.1826547,22.302145500000002]]},"properties":{"FID":86914,"osm_id":"105025254","code":5141,"fclass":"service","name":" ","ref":" ","oneway":"F","maxspeed":0,"layer":1,"bridge":"F","tunnel":"F"}},{"type":"Feature","id":86915,"geometry":{"type":"LineString","coordinates":[[114.1817491,22.3020423],[114.1817231,22.301983100000001],[114.1815426,22.301992500000001],[114.1814833,22.301815999999999],[114.18143499999999,22.301777099999999],[114.181178,22.3018088],[114.1811513,22.301959499999999]]},"properties":{"FID":86915,"osm_id":"105025256","code":5141,"fclass":"service","name":" ","ref":" ","oneway":"F","maxspeed":0,"layer":0,"bridge":"F","tunnel":"F"}},{"type":"Feature","id":86916,"geometry":{"type":"LineString","coordinates":[[114.1829473,22.3039953],[114.1829147,22.303952800000001],[114.1828963,22.303898]]},"properties":{"FID":86916,"osm_id":"105025260","code":5135,"fclass":"tertiary_link","name":"紅磡繞道 Hung Hom Bypass","ref":" ","oneway":"F","maxspeed":0,"layer":1,"bridge":"F","tunnel":"F"}},{"type":"Feature","id":86917,"geometry":{"type":"LineString","coordinates":[[114.1835461,22.3040193],[114.1835037,22.3040406],[114.1834489,22.304068000000001],[114.1833446,22.3040801],[114.18332909999999,22.304074100000001],[114.1831794,22.304016399999998],[114.1831059,22.303948299999998],[114.1830693,22.3038746],[114.1830471,22.303795000000001],[114.1829848,22.303008999999999]]},"properties":{"FID":86917,"osm_id":"105025262","code":5141,"fclass":"service","name":"都會道 Metropolis Drive","ref":" ","oneway":"F","maxspeed":0,"layer":2,"bridge":"F","tunnel":"F"}},{"type":"Feature","id":86918,"geometry":{"type":"LineString","coordinates":[[114.1837633,22.301069200000001],[114.1835676,22.301271499999999],[114.1835562,22.301577200000001],[114.1838537,22.301814100000001]]},"properties":{"FID":86918,"osm_id":"105025265","code":5141,"fclass":"service","name":"都會道 Metropolis Drive","ref":" ","oneway":"F","maxspeed":0,"layer":2,"bridge":"F","tunnel":"F"}},{"type":"Feature","id":86919,"geometry":{"type":"LineString","coordinates":[[114.1825754,22.303961399999999],[114.1826143,22.303898700000001],[114.1826946,22.303829400000001],[114.18271919999999,22.303805400000002],[114.18279939999999,22.3037475]]},"properties":{"FID":86919,"osm_id":"105025266","code":5141,"fclass":"service","name":" ","ref":" ","oneway":"F","maxspeed":0,"layer":1,"bridge":"F","tunnel":"F"}},{"type":"Feature","id":86920,"geometry":{"type":"LineString","coordinates":[[114.18150060000001,22.303871900000001],[114.1815739,22.303922400000001],[114.1816379,22.303982900000001],[114.1817096,22.304032500000002]]},"properties":{"FID":86920,"osm_id":"105025271","code":5141,"fclass":"service","name":" ","ref":" ","oneway":"F","maxspeed":0,"layer":1,"bridge":"F","tunnel":"F"}},{"type":"Feature","id":86921,"geometry":{"type":"LineString","coordinates":[[114.1828963,22.303898],[114.1830344,22.3037125],[114.1832138,22.303694100000001]]},"properties":{"FID":86921,"osm_id":"105025272","code":5141,"fclass":"service","name":" ","ref":" ","oneway":"F","maxspeed":0,"layer":1,"bridge":"F","tunnel":"F"}},{"type":"Feature","id":86922,"geometry":{"type":"LineString","coordinates":[[114.1838125,22.3036222],[114.18372189999999,22.303762299999999],[114.18368409999999,22.303820999999999],[114.1835461,22.3040193]]},"properties":{"FID":86922,"osm_id":"105025275","code":5141,"fclass":"service","name":"都會道 Metropolis Drive","ref":" ","oneway":"B","maxspeed":0,"layer":2,"bridge":"F","tunnel":"F"}},{"type":"Feature","id":86923,"geometry":{"type":"LineString","coordinates":[[114.18280590000001,22.305545599999999],[114.1823326,22.305845600000001]]},"properties":{"FID":86923,"osm_id":"105025281","code":5122,"fclass":"residential","name":"安靜道 On Ching Road","ref":" ","oneway":"B","maxspeed":0,"layer":0,"bridge":"F","tunnel":"F"}},{"type":"Feature","id":86924,"geometry":{"type":"LineString","coordinates":[[114.1836758,22.304655199999999],[114.18373200000001,22.304601999999999]]},"properties":{"FID":86924,"osm_id":"105025282","code":5115,"fclass":"tertiary","name":"暢通道南 Cheong Tung Road South","ref":" ","oneway":"B","maxspeed":0,"layer":0,"bridge":"F","tunnel":"F"}},{"type":"Feature","id":86925,"geometry":{"type":"LineString","coordinates":[[114.18292529999999,22.303304000000001],[114.1828976,22.302605400000001],[114.182879,22.302491199999999],[114.1828507,22.302395799999999]]},"properties":{"FID":86925,"osm_id":"105025286","code":5115,"fclass":"tertiary","name":"暢運道 Cheong Wan Road","ref":" ","oneway":"F","maxspeed":0,"layer":1,"bridge":"F","tunnel":"F"}},{"type":"Feature","id":86926,"geometry":{"type":"LineString","coordinates":[[114.1825822,22.3036022],[114.18262350000001,22.3035584],[114.1826624,22.303506200000001],[114.1826731,22.303477699999998],[114.18267539999999,22.303421199999999],[114.18260479999999,22.3026974]]},"properties":{"FID":86926,"osm_id":"105025287","code":5141,"fclass":"service","name":" ","ref":" ","oneway":"F","maxspeed":0,"layer":1,"bridge":"F","tunnel":"F"}},{"type":"Feature","id":87238,"geometry":{"type":"LineString","coordinates":[[114.1843417,22.306792099999999],[114.18387060000001,22.306144199999999],[114.1838369,22.306090099999999],[114.1837857,22.306007099999999]]},"properties":{"FID":87238,"osm_id":"105307484","code":5115,"fclass":"tertiary","name":"機利士南路 Gillies Avenue South","ref":" ","oneway":"F","maxspeed":0,"layer":0,"bridge":"F","tunnel":"F"}},{"type":"Feature","id":87241,"geometry":{"type":"LineString","coordinates":[[114.1837857,22.306007099999999],[114.1837317,22.305925800000001]]},"properties":{"FID":87241,"osm_id":"105307487","code":5115,"fclass":"tertiary","name":"暢運道 Cheong Wan Road","ref":" ","oneway":"F","maxspeed":0,"layer":0,"bridge":"F","tunnel":"F"}},{"type":"Feature","id":87244,"geometry":{"type":"LineString","coordinates":[[114.18419280000001,22.306812099999998],[114.1837469,22.307090500000001],[114.1837139,22.3071111],[114.18339659999999,22.307309199999999],[114.18331689999999,22.307359000000002],[114.18328270000001,22.307380299999998]]},"properties":{"FID":87244,"osm_id":"105307492","code":5122,"fclass":"residential","name":"必嘉街 Baker Street","ref":" ","oneway":"F","maxspeed":0,"layer":0,"bridge":"F","tunnel":"F"}},{"type":"Feature","id":87250,"geometry":{"type":"LineString","coordinates":[[114.18204,22.304259999999999],[114.18205,22.30442],[114.18205500000001,22.304459999999999],[114.18206600000001,22.304511000000002],[114.182085,22.304580000000001],[114.182109,22.304649999999999],[114.18213900000001,22.30472],[114.1821571,22.3047495],[114.182182,22.304790000000001],[114.18223999999999,22.304859],[114.1823,22.30491],[114.18235679999999,22.304952],[114.182389,22.304971999999999],[114.18241999999999,22.304988999999999],[114.182457,22.305005999999999],[114.182489,22.305019000000001],[114.182519,22.305029999999999],[114.18266,22.305069],[114.182725,22.30509],[114.18275800000001,22.305102000000002],[114.18279,22.305119999999999],[114.18321109999999,22.305498700000001]]},"properties":{"FID":87250,"osm_id":"105307498","code":5115,"fclass":"tertiary","name":"暢運道 Cheong Wan Road","ref":" ","oneway":"F","maxspeed":0,"layer":1,"bridge":"T","tunnel":"F"}},{"type":"Feature","id":87258,"geometry":{"type":"LineString","coordinates":[[114.1836924,22.3060516],[114.1837857,22.306007099999999]]},"properties":{"FID":87258,"osm_id":"105307508","code":5115,"fclass":"tertiary","name":"紅磡南道 Hung Hom South Road","ref":" ","oneway":"F","maxspeed":0,"layer":0,"bridge":"F","tunnel":"F"}},{"type":"Feature","id":87589,"geometry":{"type":"LineString","coordinates":[[114.18287909999999,22.307632300000002],[114.1831091,22.307947500000001]]},"properties":{"FID":87589,"osm_id":"105586323","code":5122,"fclass":"residential","name":"馬來街 Malacca Street","ref":" ","oneway":"F","maxspeed":0,"layer":0,"bridge":"F","tunnel":"F"}},{"type":"Feature","id":87590,"geometry":{"type":"LineString","coordinates":[[114.18328270000001,22.307380299999998],[114.18287909999999,22.307632300000002],[114.18242650000001,22.307916800000001]]},"properties":{"FID":87590,"osm_id":"105586324","code":5122,"fclass":"residential","name":"必嘉街 Baker Street","ref":" ","oneway":"F","maxspeed":0,"layer":0,"bridge":"F","tunnel":"F"}},{"type":"Feature","id":87591,"geometry":{"type":"LineString","coordinates":[[114.1834704,22.309168],[114.1834831,22.309152300000001],[114.18351319999999,22.309115299999998],[114.1834874,22.3090808],[114.1834822,22.309068400000001]]},"properties":{"FID":87591,"osm_id":"105586325","code":5153,"fclass":"footway","name":" ","ref":" ","oneway":"B","maxspeed":0,"layer":1,"bridge":"T","tunnel":"F"}},{"type":"Feature","id":87592,"geometry":{"type":"LineString","coordinates":[[114.1837469,22.307090500000001],[114.18332839999999,22.3065164]]},"properties":{"FID":87592,"osm_id":"105586327","code":5124,"fclass":"pedestrian","name":"必嘉圍 Baker Court","ref":" ","oneway":"B","maxspeed":0,"layer":0,"bridge":"F","tunnel":"F"}},{"type":"Feature","id":87593,"geometry":{"type":"LineString","coordinates":[[114.18210190000001,22.307288700000001],[114.1820553,22.307259899999998]]},"properties":{"FID":87593,"osm_id":"105586328","code":5141,"fclass":"service","name":" ","ref":" ","oneway":"B","maxspeed":0,"layer":0,"bridge":"F","tunnel":"F"}},{"type":"Feature","id":87594,"geometry":{"type":"LineString","coordinates":[[114.18378389999999,22.308753800000002],[114.1839573,22.3087053]]},"properties":{"FID":87594,"osm_id":"105586330","code":5153,"fclass":"footway","name":" ","ref":" ","oneway":"B","maxspeed":0,"layer":1,"bridge":"T","tunnel":"F"}},{"type":"Feature","id":87595,"geometry":{"type":"LineString","coordinates":[[114.1819189,22.307516499999998],[114.18205469999999,22.307624400000002],[114.18242650000001,22.307916800000001],[114.1827514,22.308172299999999],[114.1830708,22.308423399999999]]},"properties":{"FID":87595,"osm_id":"105586331","code":5122,"fclass":"residential","name":"漆咸道北 Chatham Road North","ref":" ","oneway":"F","maxspeed":0,"layer":0,"bridge":"F","tunnel":"F"}},{"type":"Feature","id":88804,"geometry":{"type":"LineString","coordinates":[[114.1820343,22.309191500000001],[114.1818834,22.309120799999999],[114.1817264,22.309097399999999],[114.1815783,22.3091048],[114.1814466,22.309139399999999],[114.181342,22.309178899999999],[114.1812868,22.309199799999998],[114.1812091,22.3092392],[114.1809757,22.309370399999999]]},"properties":{"FID":88804,"osm_id":"106149816","code":5115,"fclass":"tertiary","name":"忠孝街 Chung Hau Street","ref":" ","oneway":"B","maxspeed":50,"layer":0,"bridge":"F","tunnel":"F"}},{"type":"Feature","id":98553,"geometry":{"type":"LineString","coordinates":[[114.17557770000001,22.301404000000002],[114.17635079999999,22.3011567]]},"properties":{"FID":98553,"osm_id":"112573638","code":5153,"fclass":"footway","name":" ","ref":" ","oneway":"B","maxspeed":0,"layer":0,"bridge":"F","tunnel":"F"}},{"type":"Feature","id":118304,"geometry":{"type":"LineString","coordinates":[[114.18434019999999,22.305762900000001],[114.18393570000001,22.305977200000001],[114.1839494,22.305999799999999],[114.18409800000001,22.3059257]]},"properties":{"FID":118304,"osm_id":"121445600","code":5153,"fclass":"footway","name":" ","ref":" ","oneway":"B","maxspeed":0,"layer":1,"bridge":"T","tunnel":"F"}},{"type":"Feature","id":118312,"geometry":{"type":"LineString","coordinates":[[114.1830429,22.304056599999999],[114.1829473,22.3039953]]},"properties":{"FID":118312,"osm_id":"121445609","code":5135,"fclass":"tertiary_link","name":"紅磡繞道 Hung Hom Bypass","ref":" ","oneway":"F","maxspeed":0,"layer":1,"bridge":"T","tunnel":"F"}},{"type":"Feature","id":118323,"geometry":{"type":"LineString","coordinates":[[114.1829726,22.303902799999999],[114.1833876,22.304452900000001],[114.1837481,22.304891900000001],[114.1839433,22.305220200000001],[114.18420089999999,22.305577299999999],[114.18434019999999,22.305762900000001],[114.18436010000001,22.305786099999999]]},"properties":{"FID":118323,"osm_id":"121445624","code":5153,"fclass":"footway","name":" ","ref":" ","oneway":"B","maxspeed":0,"layer":1,"bridge":"T","tunnel":"F"}},{"type":"Feature","id":138350,"geometry":{"type":"LineString","coordinates":[[114.1785161,22.301648499999999],[114.17842229999999,22.301605800000001]]},"properties":{"FID":138350,"osm_id":"132598010","code":5141,"fclass":"service","name":" ","ref":" ","oneway":"F","maxspeed":0,"layer":0,"bridge":"F","tunnel":"F"}},{"type":"Feature","id":180436,"geometry":{"type":"LineString","coordinates":[[114.17551159999999,22.3034055],[114.1755144,22.303888300000001],[114.1755146,22.303933600000001],[114.17455219999999,22.305036000000001],[114.1743596,22.3052283]]},"properties":{"FID":180436,"osm_id":"149555135","code":5153,"fclass":"footway","name":"佐敦里 Jordan Path","ref":" ","oneway":"B","maxspeed":0,"layer":0,"bridge":"F","tunnel":"F"}},{"type":"Feature","id":184192,"geometry":{"type":"LineString","coordinates":[[114.1830708,22.308423399999999],[114.1830908,22.308436],[114.1831136,22.3084436],[114.1831377,22.3084463],[114.18316179999999,22.308444099999999],[114.18318480000001,22.308437000000001],[114.18320559999999,22.3084253],[114.18378199999999,22.3080648],[114.18421429999999,22.307794900000001],[114.1846992,22.307492199999999]]},"properties":{"FID":184192,"osm_id":"151396599","code":5122,"fclass":"residential","name":"寶其利街 Bulkeley Street","ref":" ","oneway":"F","maxspeed":0,"layer":0,"bridge":"F","tunnel":"F"}},{"type":"Feature","id":184194,"geometry":{"type":"LineString","coordinates":[[114.18286980000001,22.3068141],[114.1828149,22.306738899999999],[114.1826959,22.3065757],[114.1825645,22.3063805],[114.1825498,22.306355799999999],[114.1825484,22.306327700000001],[114.18256049999999,22.3063018],[114.1825838,22.3062836],[114.1831217,22.305956699999999],[114.1831627,22.305942300000002],[114.18320629999999,22.305938300000001],[114.1832495,22.305945000000001],[114.18328940000001,22.3059619],[114.1833231,22.3059878],[114.1834786,22.306105599999999]]},"properties":{"FID":184194,"osm_id":"151396602","code":5135,"fclass":"tertiary_link","name":"暢行道 Cheong Hang Road","ref":" ","oneway":"F","maxspeed":0,"layer":0,"bridge":"F","tunnel":"F"}},{"type":"Feature","id":184195,"geometry":{"type":"LineString","coordinates":[[114.1837127,22.3051168],[114.1836692,22.304994700000002],[114.1836545,22.304930200000001],[114.18364390000001,22.304864899999998],[114.1836758,22.304655199999999]]},"properties":{"FID":184195,"osm_id":"151396603","code":5115,"fclass":"tertiary","name":"暢通道 Cheong Tung Road","ref":" ","oneway":"F","maxspeed":0,"layer":0,"bridge":"F","tunnel":"F"}},{"type":"Feature","id":184196,"geometry":{"type":"LineString","coordinates":[[114.18280590000001,22.305545599999999],[114.18291379999999,22.305593900000002],[114.1830727,22.305691299999999],[114.1832778,22.3058449],[114.18333250000001,22.305888800000002]]},"properties":{"FID":184196,"osm_id":"151396604","code":5115,"fclass":"tertiary","name":"暢通道 Cheong Tung Road","ref":" ","oneway":"F","maxspeed":0,"layer":0,"bridge":"F","tunnel":"F"}},{"type":"Feature","id":184197,"geometry":{"type":"LineString","coordinates":[[114.1837127,22.3051168],[114.1836169,22.3050435],[114.1835277,22.3049915],[114.1834424,22.3049499],[114.1834061,22.3049386],[114.18336650000001,22.304930299999999],[114.1832556,22.3049167]]},"properties":{"FID":184197,"osm_id":"151396605","code":5115,"fclass":"tertiary","name":"暢通道 Cheong Tung Road","ref":" ","oneway":"F","maxspeed":0,"layer":0,"bridge":"F","tunnel":"F"}},{"type":"Feature","id":184198,"geometry":{"type":"LineString","coordinates":[[114.1827514,22.308172299999999],[114.1831091,22.307947500000001],[114.18351269999999,22.307695500000001],[114.1839435,22.307426499999998],[114.18442880000001,22.307123600000001]]},"properties":{"FID":184198,"osm_id":"151396607","code":5122,"fclass":"residential","name":"曲街 Cooke Street","ref":" ","oneway":"F","maxspeed":0,"layer":0,"bridge":"F","tunnel":"F"}},{"type":"Feature","id":184212,"geometry":{"type":"LineString","coordinates":[[114.1840735,22.308464399999998],[114.18378199999999,22.3080648],[114.18351269999999,22.307695500000001]]},"properties":{"FID":184212,"osm_id":"151396632","code":5124,"fclass":"pedestrian","name":"老龍坑街 Lo Lung Hang Street","ref":" ","oneway":"B","maxspeed":0,"layer":0,"bridge":"F","tunnel":"F"}},{"type":"Feature","id":184220,"geometry":{"type":"LineString","coordinates":[[114.18122099999999,22.304436899999999],[114.18121910000001,22.304300999999999],[114.181196,22.3042178],[114.1811752,22.304046899999999],[114.18113820000001,22.303817599999999],[114.18108700000001,22.303488000000002],[114.1810643,22.303258700000001],[114.1810366,22.303151199999999],[114.18094309999999,22.302562000000002],[114.1808848,22.3019505],[114.1808557,22.301774300000002],[114.1808241,22.301474500000001]]},"properties":{"FID":184220,"osm_id":"151396643","code":5113,"fclass":"primary","name":"梳士巴利道 Salisbury Road","ref":" ","oneway":"F","maxspeed":50,"layer":0,"bridge":"F","tunnel":"F"}},{"type":"Feature","id":184231,"geometry":{"type":"LineString","coordinates":[[114.1828556,22.307129400000001],[114.18205469999999,22.307624400000002]]},"properties":{"FID":184231,"osm_id":"151396662","code":5122,"fclass":"residential","name":"華豐街 Wa Fung Street","ref":" ","oneway":"B","maxspeed":0,"layer":0,"bridge":"F","tunnel":"F"}},{"type":"Feature","id":184233,"geometry":{"type":"LineString","coordinates":[[114.184507,22.3081931],[114.18421429999999,22.307794900000001],[114.1839435,22.307426499999998]]},"properties":{"FID":184233,"osm_id":"151396664","code":5124,"fclass":"pedestrian","name":"獲嘉道 Walker Road","ref":" ","oneway":"B","maxspeed":0,"layer":0,"bridge":"F","tunnel":"F"}},{"type":"Feature","id":184235,"geometry":{"type":"LineString","coordinates":[[114.18210190000001,22.307288700000001],[114.1820768,22.307315800000001],[114.1820482,22.3073397],[114.1820165,22.307359999999999],[114.18193309999999,22.307404200000001],[114.1819127,22.307416700000001],[114.181898,22.307434799999999],[114.18189099999999,22.307456500000001],[114.1818924,22.3074792],[114.1819021,22.307500000000001],[114.1819189,22.307516499999998]]},"properties":{"FID":184235,"osm_id":"151396667","code":5122,"fclass":"residential","name":"溫思勞街 Winslow Street","ref":" ","oneway":"F","maxspeed":0,"layer":0,"bridge":"F","tunnel":"F"}},{"type":"Feature","id":184236,"geometry":{"type":"LineString","coordinates":[[114.1834786,22.306105599999999],[114.1835064,22.3061495],[114.1835257,22.306181500000001],[114.18353879999999,22.306215999999999],[114.1835454,22.306252099999998],[114.1835454,22.306288800000001],[114.18353860000001,22.3063249],[114.18352539999999,22.306359400000002],[114.18350599999999,22.306391300000001],[114.18348109999999,22.3064198],[114.1834329,22.306454299999999],[114.18332839999999,22.3065164],[114.18290229999999,22.306766499999998],[114.18286980000001,22.3068141],[114.18210190000001,22.307288700000001]]},"properties":{"FID":184236,"osm_id":"151396668","code":5115,"fclass":"tertiary","name":"溫思勞街 Winslow Street","ref":" ","oneway":"F","maxspeed":0,"layer":0,"bridge":"F","tunnel":"F"}},{"type":"Feature","id":184239,"geometry":{"type":"LineString","coordinates":[[114.1840071,22.3085059],[114.1838305,22.308656599999999],[114.1836783,22.3087385],[114.1835562,22.3087813],[114.18345979999999,22.308783699999999]]},"properties":{"FID":184239,"osm_id":"151396671","code":5114,"fclass":"secondary","name":"蕪湖街 Wuhu Street","ref":" ","oneway":"F","maxspeed":0,"layer":0,"bridge":"F","tunnel":"F"}},{"type":"Feature","id":184241,"geometry":{"type":"LineString","coordinates":[[114.18396060000001,22.309083999999999],[114.1838868,22.3089829],[114.18385600000001,22.308888],[114.1838466,22.3087695],[114.1838808,22.308674],[114.1840071,22.3085059]]},"properties":{"FID":184241,"osm_id":"151396673","code":5114,"fclass":"secondary","name":"蕪湖街 Wuhu Street","ref":" ","oneway":"F","maxspeed":0,"layer":0,"bridge":"F","tunnel":"F"}},{"type":"Feature","id":184242,"geometry":{"type":"LineString","coordinates":[[114.1815655,22.308213599999998],[114.1816156,22.308297199999998],[114.18167339999999,22.3083521],[114.18172559999999,22.308399399999999],[114.1818213,22.308459500000001],[114.18190749999999,22.308494],[114.1819785,22.308509999999998],[114.18205020000001,22.308520999999999],[114.18214279999999,22.308530300000001],[114.1823624,22.308527300000002],[114.18251619999999,22.308534399999999],[114.18267229999999,22.308560499999999],[114.18277260000001,22.308603699999999],[114.18295740000001,22.308616900000001]]},"properties":{"FID":184242,"osm_id":"151396674","code":5132,"fclass":"trunk_link","name":" ","ref":" ","oneway":"F","maxspeed":0,"layer":0,"bridge":"F","tunnel":"F"}},{"type":"Feature","id":184248,"geometry":{"type":"LineString","coordinates":[[114.182669,22.304837899999999],[114.18250260000001,22.305113599999999],[114.18246980000001,22.305222799999999]]},"properties":{"FID":184248,"osm_id":"151396686","code":5141,"fclass":"service","name":" ","ref":" ","oneway":"B","maxspeed":0,"layer":0,"bridge":"F","tunnel":"F"}},{"type":"Feature","id":184251,"geometry":{"type":"LineString","coordinates":[[114.18273379999999,22.305273100000001],[114.1826397,22.305267099999998],[114.1825116,22.305236499999999],[114.18246980000001,22.305222799999999]]},"properties":{"FID":184251,"osm_id":"151396689","code":5141,"fclass":"service","name":" ","ref":" ","oneway":"B","maxspeed":0,"layer":0,"bridge":"F","tunnel":"F"}},{"type":"Feature","id":184256,"geometry":{"type":"LineString","coordinates":[[114.1817034,22.307503199999999],[114.181681,22.307529599999999],[114.1816192,22.307590600000001],[114.18155710000001,22.307704000000001],[114.1815179,22.3078015],[114.1814988,22.3078805],[114.1814992,22.307984099999999],[114.18150540000001,22.3080474],[114.1815174,22.3081107],[114.1815655,22.308213599999998]]},"properties":{"FID":184256,"osm_id":"151396699","code":5132,"fclass":"trunk_link","name":" ","ref":" ","oneway":"F","maxspeed":0,"layer":-1,"bridge":"F","tunnel":"T"}},{"type":"Feature","id":184257,"geometry":{"type":"LineString","coordinates":[[114.18288870000001,22.305070600000001],[114.1828489,22.305035700000001],[114.1828077,22.304989800000001],[114.1827163,22.304857599999998],[114.182669,22.304837899999999],[114.1827151,22.3047541],[114.1831454,22.304456099999999]]},"properties":{"FID":184257,"osm_id":"151396703","code":5141,"fclass":"service","name":" ","ref":" ","oneway":"B","maxspeed":0,"layer":0,"bridge":"F","tunnel":"F"}},{"type":"Feature","id":184259,"geometry":{"type":"LineString","coordinates":[[114.1806041,22.306875000000002],[114.1807723,22.307072600000001],[114.18085000000001,22.307179999999999],[114.18088299999999,22.307237000000001],[114.18091099999999,22.307296999999998],[114.18093,22.307359999999999],[114.180941,22.307426],[114.18094499999999,22.307500000000001],[114.180941,22.307566000000001],[114.18092900000001,22.307624000000001],[114.180913,22.307675],[114.180882,22.307734],[114.180837,22.307789],[114.180798,22.307822999999999],[114.18075,22.307850999999999],[114.180696,22.307873000000001],[114.180638,22.307887000000001],[114.180582,22.307891000000001],[114.18052900000001,22.307884999999999],[114.18048,22.307874000000002],[114.180431,22.307855],[114.180387,22.307828000000001],[114.18034900000001,22.307796],[114.180319,22.307760999999999]]},"properties":{"FID":184259,"osm_id":"151396711","code":5132,"fclass":"trunk_link","name":" ","ref":" ","oneway":"F","maxspeed":50,"layer":0,"bridge":"F","tunnel":"F"}},{"type":"Feature","id":185994,"geometry":{"type":"LineString","coordinates":[[114.1756341,22.3023369],[114.1766198,22.301954299999998]]},"properties":{"FID":185994,"osm_id":"152073806","code":5122,"fclass":"residential","name":"柯士甸路 Austin Avenue","ref":" ","oneway":"F","maxspeed":0,"layer":0,"bridge":"F","tunnel":"F"}},{"type":"Feature","id":185999,"geometry":{"type":"LineString","coordinates":[[114.1754299,22.301957099999999],[114.1761492,22.301691699999999],[114.17625409999999,22.3016319],[114.17648,22.301545699999998]]},"properties":{"FID":185999,"osm_id":"152073817","code":5122,"fclass":"residential","name":"漆咸圍 Chatham Court","ref":" ","oneway":"F","maxspeed":0,"layer":0,"bridge":"F","tunnel":"F"}},{"type":"Feature","id":186002,"geometry":{"type":"LineString","coordinates":[[114.1762519,22.3005228],[114.1763196,22.3005116],[114.17636659999999,22.300498600000001],[114.1766227,22.300434500000001],[114.1768233,22.300382299999999],[114.1769828,22.3003447],[114.1770641,22.3003453],[114.1771555,22.300347599999998],[114.17724699999999,22.300365800000002],[114.1773445,22.3004012],[114.1774618,22.3005025],[114.1778415,22.300803200000001],[114.1785378,22.301369699999999]]},"properties":{"FID":186002,"osm_id":"152073821","code":5121,"fclass":"unclassified","name":"加連威老道 Granville Road","ref":" ","oneway":"B","maxspeed":0,"layer":0,"bridge":"F","tunnel":"F"}},{"type":"Feature","id":186009,"geometry":{"type":"LineString","coordinates":[[114.1783361,22.3025381],[114.1784809,22.302508100000001],[114.1787315,22.302459299999999],[114.17910070000001,22.302423900000001],[114.1792787,22.302426000000001]]},"properties":{"FID":186009,"osm_id":"152073831","code":5114,"fclass":"secondary","name":"康泰徑 Hong Tai Path","ref":" ","oneway":"F","maxspeed":0,"layer":0,"bridge":"F","tunnel":"F"}},{"type":"Feature","id":186010,"geometry":{"type":"LineString","coordinates":[[114.17996410000001,22.3011959],[114.17980180000001,22.3014416],[114.1797455,22.3015173],[114.1796784,22.3015954],[114.17958179999999,22.301689700000001]]},"properties":{"FID":186010,"osm_id":"152073832","code":5114,"fclass":"secondary","name":"康達徑 Hong Tat Path","ref":" ","oneway":"F","maxspeed":0,"layer":0,"bridge":"F","tunnel":"F"}},{"type":"Feature","id":186011,"geometry":{"type":"LineString","coordinates":[[114.1792787,22.302426000000001],[114.1794215,22.302399000000001],[114.1795305,22.302319000000001],[114.17957680000001,22.302264999999998],[114.1795915,22.302200299999999],[114.17959020000001,22.302091999999998],[114.1795929,22.301988099999999],[114.1795959,22.301875800000001],[114.179598,22.301818999999998],[114.1795991,22.301753099999999],[114.17958179999999,22.301689700000001]]},"properties":{"FID":186011,"osm_id":"152073833","code":5134,"fclass":"secondary_link","name":"康榮徑 Hong Wing Path","ref":" ","oneway":"F","maxspeed":0,"layer":0,"bridge":"F","tunnel":"F"}},{"type":"Feature","id":186022,"geometry":{"type":"LineString","coordinates":[[114.1808848,22.3019505],[114.1809181,22.301754899999999],[114.1808173,22.300761900000001],[114.1808139,22.300699099999999],[114.1808047,22.300561999999999],[114.1808142,22.300459400000001],[114.1808338,22.300335],[114.1808487,22.3002106],[114.1808475,22.3001197],[114.1808315,22.300044799999998],[114.1808,22.2999698],[114.180763,22.299908800000001],[114.1807081,22.299846200000001],[114.18066210000001,22.2998084],[114.180616,22.299782199999999],[114.1805837,22.2997497],[114.1805141,22.299707900000001],[114.1804336,22.299686099999999],[114.1803523,22.299677599999999],[114.18028289999999,22.2996865]]},"properties":{"FID":186022,"osm_id":"152073853","code":5133,"fclass":"primary_link","name":"梳士巴利道 Salisbury Road","ref":" ","oneway":"F","maxspeed":0,"layer":0,"bridge":"F","tunnel":"F"}},{"type":"Feature","id":186024,"geometry":{"type":"LineString","coordinates":[[114.17958179999999,22.301689700000001],[114.17956169999999,22.301649999999999],[114.1795309,22.301615300000002],[114.1788447,22.301047400000002]]},"properties":{"FID":186024,"osm_id":"152073855","code":5115,"fclass":"tertiary","name":"科學館徑 Science Museum Path","ref":" ","oneway":"F","maxspeed":0,"layer":0,"bridge":"F","tunnel":"F"}},{"type":"Feature","id":186025,"geometry":{"type":"LineString","coordinates":[[114.1783993,22.3015203],[114.1785016,22.301414000000001],[114.1785378,22.301369699999999],[114.1788447,22.301047400000002],[114.17904179999999,22.300841500000001],[114.1792775,22.300588600000001]]},"properties":{"FID":186025,"osm_id":"152073857","code":5115,"fclass":"tertiary","name":"科學館道 Science Museum Road","ref":" ","oneway":"B","maxspeed":0,"layer":0,"bridge":"F","tunnel":"F"}},{"type":"Feature","id":186028,"geometry":{"type":"LineString","coordinates":[[114.1743596,22.3052283],[114.1744458,22.305230000000002],[114.1746988,22.305131800000002],[114.17476000000001,22.305096599999999],[114.1748194,22.305084000000001],[114.1748625,22.305083799999998],[114.1752674,22.305035],[114.1753112,22.3050186],[114.1753454,22.304985500000001],[114.17543259999999,22.304865599999999],[114.17555059999999,22.304753099999999],[114.1757338,22.304578500000002],[114.175786,22.304563600000002],[114.1758473,22.3045577],[114.1761351,22.304586100000002],[114.1762533,22.3046653],[114.1765077,22.304686499999999],[114.177053,22.304696700000001],[114.1771062,22.3046887],[114.1771347,22.304674200000001],[114.1771536,22.304640899999999],[114.1771689,22.3037122],[114.17717349999999,22.3036207],[114.1771734,22.303544500000001],[114.1770676,22.3032377],[114.1770841,22.3032088],[114.17715490000001,22.303162700000001]]},"properties":{"FID":186028,"osm_id":"152073882","code":5141,"fclass":"service","name":" ","ref":" ","oneway":"B","maxspeed":0,"layer":0,"bridge":"F","tunnel":"F"}},{"type":"Feature","id":186029,"geometry":{"type":"LineString","coordinates":[[114.1761351,22.304586100000002],[114.1761046,22.303842100000001],[114.17610310000001,22.3037296]]},"properties":{"FID":186029,"osm_id":"152073883","code":5141,"fclass":"service","name":" ","ref":" ","oneway":"B","maxspeed":0,"layer":0,"bridge":"F","tunnel":"F"}},{"type":"Feature","id":186032,"geometry":{"type":"LineString","coordinates":[[114.18077289999999,22.302074099999999],[114.1807979,22.302262500000001],[114.18080879999999,22.3023959]]},"properties":{"FID":186032,"osm_id":"152073887","code":5153,"fclass":"footway","name":" ","ref":" ","oneway":"B","maxspeed":0,"layer":1,"bridge":"T","tunnel":"F"}},{"type":"Feature","id":186033,"geometry":{"type":"LineString","coordinates":[[114.1756288,22.303410299999999],[114.1756299,22.303507100000001],[114.17563989999999,22.303569899999999],[114.17567080000001,22.3036116],[114.17576149999999,22.303697499999998],[114.1757971,22.303715],[114.17610310000001,22.3037296],[114.1761162,22.3036776],[114.17614450000001,22.303644800000001],[114.1761782,22.303611700000001],[114.1762116,22.303599999999999],[114.17717349999999,22.3036207]]},"properties":{"FID":186033,"osm_id":"152073889","code":5141,"fclass":"service","name":" ","ref":" ","oneway":"B","maxspeed":0,"layer":0,"bridge":"F","tunnel":"F"}},{"type":"Feature","id":186035,"geometry":{"type":"LineString","coordinates":[[114.17878109999999,22.3009314],[114.1793117,22.301362399999999],[114.17957440000001,22.301578200000002],[114.179658,22.301672799999999],[114.1797031,22.301748400000001],[114.179733,22.301816500000001],[114.17974719999999,22.3018891],[114.1797862,22.302158200000001],[114.17979200000001,22.302247099999999],[114.1798083,22.302391100000001],[114.17981589999999,22.3024144],[114.1798326,22.3024317],[114.1798639,22.302439400000001]]},"properties":{"FID":186035,"osm_id":"152073894","code":5153,"fclass":"footway","name":" ","ref":" ","oneway":"B","maxspeed":0,"layer":1,"bridge":"T","tunnel":"F"}},{"type":"Feature","id":186037,"geometry":{"type":"LineString","coordinates":[[114.1811201,22.302053900000001],[114.1810148,22.302061999999999],[114.1808322,22.3020754],[114.18077289999999,22.302074099999999],[114.180015,22.302145299999999],[114.1797862,22.302158200000001],[114.1796542,22.302174399999998],[114.1796143,22.302333399999998],[114.1795645,22.302440799999999],[114.17953180000001,22.302500800000001],[114.179501,22.302551099999999],[114.17948939999999,22.302569099999999]]},"properties":{"FID":186037,"osm_id":"152073897","code":5153,"fclass":"footway","name":" ","ref":" ","oneway":"B","maxspeed":0,"layer":1,"bridge":"T","tunnel":"F"}},{"type":"Feature","id":281755,"geometry":{"type":"LineString","coordinates":[[114.18249230000001,22.302647799999999],[114.18247289999999,22.3024755]]},"properties":{"FID":281755,"osm_id":"184475440","code":5155,"fclass":"steps","name":" ","ref":" ","oneway":"B","maxspeed":0,"layer":2,"bridge":"T","tunnel":"F"}},{"type":"Feature","id":281756,"geometry":{"type":"LineString","coordinates":[[114.1827443,22.303623900000002],[114.18283649999999,22.3035462]]},"properties":{"FID":281756,"osm_id":"184475442","code":5155,"fclass":"steps","name":" ","ref":" ","oneway":"B","maxspeed":0,"layer":2,"bridge":"T","tunnel":"F"}},{"type":"Feature","id":281760,"geometry":{"type":"LineString","coordinates":[[114.18283649999999,22.3035462],[114.18299330000001,22.3036785],[114.18299330000001,22.303878900000001]]},"properties":{"FID":281760,"osm_id":"184475451","code":5153,"fclass":"footway","name":" ","ref":" ","oneway":"B","maxspeed":0,"layer":2,"bridge":"T","tunnel":"F"}},{"type":"Feature","id":281761,"geometry":{"type":"LineString","coordinates":[[114.18247289999999,22.3024755],[114.18251739999999,22.302470599999999],[114.1828076,22.302737100000002],[114.18286860000001,22.3027351]]},"properties":{"FID":281761,"osm_id":"184475453","code":5153,"fclass":"footway","name":" ","ref":" ","oneway":"B","maxspeed":0,"layer":2,"bridge":"T","tunnel":"F"}},{"type":"Feature","id":283598,"geometry":{"type":"LineString","coordinates":[[114.1839433,22.305220200000001],[114.1840169,22.3051754],[114.18415450000001,22.305088000000001],[114.1841829,22.305078099999999],[114.184246,22.305086299999999],[114.1843057,22.3050888],[114.1844002,22.305091300000001],[114.1844952,22.305084699999998],[114.18459009999999,22.305073499999999],[114.1846852,22.3050538],[114.1847506,22.305034200000001],[114.18492929999999,22.304947899999998],[114.1850666,22.304851299999999],[114.18530629999999,22.304680699999999],[114.1854275,22.3045717],[114.1854994,22.304509299999999],[114.18562180000001,22.3044121]]},"properties":{"FID":283598,"osm_id":"184756567","code":5153,"fclass":"footway","name":" ","ref":" ","oneway":"B","maxspeed":0,"layer":1,"bridge":"T","tunnel":"F"}},{"type":"Feature","id":283748,"geometry":{"type":"LineString","coordinates":[[114.17683030000001,22.301039599999999],[114.1770607,22.301234300000001]]},"properties":{"FID":283748,"osm_id":"184762372","code":5155,"fclass":"steps","name":" ","ref":" ","oneway":"B","maxspeed":0,"layer":0,"bridge":"F","tunnel":"F"}},{"type":"Feature","id":283749,"geometry":{"type":"LineString","coordinates":[[114.1769736,22.300895199999999],[114.17720660000001,22.3010904]]},"properties":{"FID":283749,"osm_id":"184762374","code":5155,"fclass":"steps","name":" ","ref":" ","oneway":"B","maxspeed":0,"layer":0,"bridge":"F","tunnel":"F"}},{"type":"Feature","id":283800,"geometry":{"type":"LineString","coordinates":[[114.18296340000001,22.301162600000001],[114.1831236,22.301309700000001]]},"properties":{"FID":283800,"osm_id":"184765710","code":5153,"fclass":"footway","name":" ","ref":" ","oneway":"B","maxspeed":0,"layer":3,"bridge":"T","tunnel":"F"}},{"type":"Feature","id":283802,"geometry":{"type":"LineString","coordinates":[[114.18295929999999,22.3008621],[114.18296340000001,22.301162600000001]]},"properties":{"FID":283802,"osm_id":"184765716","code":5155,"fclass":"steps","name":" ","ref":" ","oneway":"B","maxspeed":0,"layer":0,"bridge":"F","tunnel":"F"}},{"type":"Feature","id":284199,"geometry":{"type":"LineString","coordinates":[[114.17970270000001,22.301449900000001],[114.17957440000001,22.301578200000002]]},"properties":{"FID":284199,"osm_id":"184883531","code":5155,"fclass":"steps","name":" ","ref":" ","oneway":"B","maxspeed":0,"layer":1,"bridge":"T","tunnel":"F"}},{"type":"Feature","id":284297,"geometry":{"type":"LineString","coordinates":[[114.1837633,22.301069200000001],[114.1838534,22.301288700000001],[114.1838537,22.301814100000001],[114.1838254,22.302615500000002],[114.18382510000001,22.302960299999999],[114.1838125,22.3036222]]},"properties":{"FID":284297,"osm_id":"184920929","code":5141,"fclass":"service","name":"都會道 Metropolis Drive","ref":" ","oneway":"B","maxspeed":0,"layer":2,"bridge":"F","tunnel":"F"}},{"type":"Feature","id":284301,"geometry":{"type":"LineString","coordinates":[[114.1839232,22.302012999999999],[114.1840177,22.302074000000001],[114.18410489999999,22.302105099999999],[114.1842564,22.3021095],[114.1842584,22.3019952]]},"properties":{"FID":284301,"osm_id":"184920935","code":5153,"fclass":"footway","name":" ","ref":" ","oneway":"B","maxspeed":0,"layer":2,"bridge":"T","tunnel":"F"}},{"type":"Feature","id":372591,"geometry":{"type":"LineString","coordinates":[[114.17838810000001,22.302891800000001],[114.1785725,22.302985199999998]]},"properties":{"FID":372591,"osm_id":"210780947","code":5155,"fclass":"steps","name":" ","ref":" ","oneway":"B","maxspeed":0,"layer":0,"bridge":"F","tunnel":"F"}},{"type":"Feature","id":372592,"geometry":{"type":"LineString","coordinates":[[114.1775253,22.3027473],[114.17733389999999,22.302754799999999],[114.177299,22.302751099999998],[114.1772452,22.302738300000001],[114.17717620000001,22.302709400000001],[114.1771178,22.3026807],[114.177024,22.302600699999999]]},"properties":{"FID":372592,"osm_id":"210780948","code":5134,"fclass":"secondary_link","name":" ","ref":" ","oneway":"F","maxspeed":0,"layer":0,"bridge":"F","tunnel":"F"}},{"type":"Feature","id":372593,"geometry":{"type":"LineString","coordinates":[[114.1774992,22.3032474],[114.17746630000001,22.303155700000001],[114.177465,22.303086],[114.17746579999999,22.303061],[114.1774668,22.303042999999999],[114.1774703,22.3030209],[114.1774753,22.302993000000001],[114.1775452,22.3028607]]},"properties":{"FID":372593,"osm_id":"210780949","code":5134,"fclass":"secondary_link","name":" ","ref":" ","oneway":"F","maxspeed":0,"layer":0,"bridge":"F","tunnel":"F"}},{"type":"Feature","id":372594,"geometry":{"type":"LineString","coordinates":[[114.1774703,22.3030209],[114.17752040000001,22.3030291],[114.17753070000001,22.302993000000001],[114.17756559999999,22.3029361],[114.1776558,22.302879099999998],[114.17780089999999,22.302807699999999],[114.1779062,22.302790900000002],[114.1780569,22.302728699999999]]},"properties":{"FID":372594,"osm_id":"210780950","code":5153,"fclass":"footway","name":" ","ref":" ","oneway":"B","maxspeed":0,"layer":0,"bridge":"F","tunnel":"F"}},{"type":"Feature","id":372677,"geometry":{"type":"LineString","coordinates":[[114.1771985,22.302898599999999],[114.1771176,22.302938600000001],[114.1770822,22.302954700000001]]},"properties":{"FID":372677,"osm_id":"210899457","code":5114,"fclass":"secondary","name":"暢運道 Cheong Wan Road","ref":" ","oneway":"F","maxspeed":0,"layer":0,"bridge":"F","tunnel":"F"}},{"type":"Feature","id":372678,"geometry":{"type":"LineString","coordinates":[[114.1770822,22.302954700000001],[114.1770238,22.3029954]]},"properties":{"FID":372678,"osm_id":"210899458","code":5114,"fclass":"secondary","name":"暢運道 Cheong Wan Road","ref":" ","oneway":"F","maxspeed":0,"layer":0,"bridge":"F","tunnel":"F"}},{"type":"Feature","id":372679,"geometry":{"type":"LineString","coordinates":[[114.1771176,22.302938600000001],[114.1771679,22.3029595],[114.17719409999999,22.302968700000001],[114.17721539999999,22.3029753],[114.17723429999999,22.302980300000002],[114.17725160000001,22.302984200000001]]},"properties":{"FID":372679,"osm_id":"210899459","code":5134,"fclass":"secondary_link","name":" ","ref":" ","oneway":"F","maxspeed":0,"layer":0,"bridge":"F","tunnel":"F"}},{"type":"Feature","id":372680,"geometry":{"type":"LineString","coordinates":[[114.17765799999999,22.303464900000002],[114.1774526,22.303297400000002],[114.1773204,22.303175100000001],[114.1772667,22.303116800000002],[114.1771828,22.303021900000001]]},"properties":{"FID":372680,"osm_id":"210899460","code":5134,"fclass":"secondary_link","name":" ","ref":" ","oneway":"F","maxspeed":0,"layer":0,"bridge":"F","tunnel":"F"}},{"type":"Feature","id":392797,"geometry":{"type":"LineString","coordinates":[[114.1746801,22.302579399999999],[114.1747312,22.302636199999998],[114.17487029999999,22.302478600000001],[114.17494120000001,22.302355200000001],[114.1749959,22.302234299999999],[114.1750402,22.302110299999999],[114.17505199999999,22.302006200000001],[114.17501559999999,22.301915000000001],[114.17491149999999,22.301953300000001],[114.1748841,22.301953900000001],[114.174847,22.301935400000001]]},"properties":{"FID":392797,"osm_id":"219398731","code":5153,"fclass":"footway","name":" ","ref":" ","oneway":"B","maxspeed":0,"layer":0,"bridge":"F","tunnel":"F"}},{"type":"Feature","id":392798,"geometry":{"type":"LineString","coordinates":[[114.1749488,22.302971299999999],[114.1748384,22.3028388]]},"properties":{"FID":392798,"osm_id":"219398809","code":5155,"fclass":"steps","name":" ","ref":" ","oneway":"B","maxspeed":0,"layer":0,"bridge":"F","tunnel":"F"}},{"type":"Feature","id":404571,"geometry":{"type":"LineString","coordinates":[[114.1813315,22.3051271],[114.18124299999999,22.3051563]]},"properties":{"FID":404571,"osm_id":"223305773","code":5141,"fclass":"service","name":"育才道 Yuk Choi Road","ref":" ","oneway":"B","maxspeed":0,"layer":-1,"bridge":"F","tunnel":"T"}},{"type":"Feature","id":404572,"geometry":{"type":"LineString","coordinates":[[114.1792518,22.3040138],[114.1795067,22.303948200000001]]},"properties":{"FID":404572,"osm_id":"223305775","code":5153,"fclass":"footway","name":" ","ref":" ","oneway":"B","maxspeed":0,"layer":1,"bridge":"T","tunnel":"F"}},{"type":"Feature","id":404573,"geometry":{"type":"LineString","coordinates":[[114.1798222,22.303864600000001],[114.1798857,22.3038493],[114.1798591,22.3037548]]},"properties":{"FID":404573,"osm_id":"223305776","code":5153,"fclass":"footway","name":" ","ref":" ","oneway":"B","maxspeed":0,"layer":1,"bridge":"T","tunnel":"F"}},{"type":"Feature","id":404574,"geometry":{"type":"LineString","coordinates":[[114.1791717,22.303764099999999],[114.1792518,22.3040138],[114.1794767,22.304768599999999],[114.17959639999999,22.304738],[114.1797385,22.3047018],[114.1797552,22.304758],[114.179766,22.3047942]]},"properties":{"FID":404574,"osm_id":"223305777","code":5153,"fclass":"footway","name":" ","ref":" ","oneway":"B","maxspeed":0,"layer":1,"bridge":"T","tunnel":"F"}},{"type":"Feature","id":446432,"geometry":{"type":"LineString","coordinates":[[114.1787525,22.3025342],[114.1788719,22.302568900000001],[114.1789117,22.302593099999999],[114.17894579999999,22.302627900000001],[114.17894920000001,22.302634099999999],[114.1789685,22.302669300000002]]},"properties":{"FID":446432,"osm_id":"232267286","code":5141,"fclass":"service","name":"育才道 Yuk Choi Road","ref":" ","oneway":"B","maxspeed":0,"layer":0,"bridge":"F","tunnel":"F"}},{"type":"Feature","id":446433,"geometry":{"type":"LineString","coordinates":[[114.1798639,22.302439400000001],[114.179885,22.302509499999999],[114.1799429,22.302658999999998],[114.1801076,22.3029513],[114.1802203,22.303118000000001],[114.180305,22.3032155],[114.1804228,22.303344899999999]]},"properties":{"FID":446433,"osm_id":"232267288","code":5153,"fclass":"footway","name":" ","ref":" ","oneway":"B","maxspeed":0,"layer":0,"bridge":"F","tunnel":"F"}},{"type":"Feature","id":446434,"geometry":{"type":"LineString","coordinates":[[114.1809689,22.303297300000001],[114.18094600000001,22.303196700000001],[114.18087559999999,22.302906100000001],[114.180835,22.302720000000001],[114.18080879999999,22.3023959]]},"properties":{"FID":446434,"osm_id":"232267289","code":5153,"fclass":"footway","name":" ","ref":" ","oneway":"B","maxspeed":0,"layer":0,"bridge":"F","tunnel":"F"}},{"type":"Feature","id":449889,"geometry":{"type":"LineString","coordinates":[[114.1793117,22.301362399999999],[114.17923879999999,22.301432399999999]]},"properties":{"FID":449889,"osm_id":"232878139","code":5153,"fclass":"footway","name":" ","ref":" ","oneway":"B","maxspeed":0,"layer":1,"bridge":"T","tunnel":"F"}},{"type":"Feature","id":460376,"geometry":{"type":"LineString","coordinates":[[114.1810112,22.3034684],[114.1809689,22.303297300000001]]},"properties":{"FID":460376,"osm_id":"236028388","code":5155,"fclass":"steps","name":" ","ref":" ","oneway":"B","maxspeed":0,"layer":1,"bridge":"T","tunnel":"F"}},{"type":"Feature","id":498945,"geometry":{"type":"LineString","coordinates":[[114.18057829999999,22.303328499999999],[114.1806746,22.303543099999999],[114.1807029,22.303715400000002]]},"properties":{"FID":498945,"osm_id":"244383770","code":5111,"fclass":"motorway","name":"Cross-Harbour Tunnel Approach","ref":"1","oneway":"F","maxspeed":50,"layer":0,"bridge":"F","tunnel":"F"}},{"type":"Feature","id":498946,"geometry":{"type":"LineString","coordinates":[[114.1802502,22.3013449],[114.1801399,22.301790799999999],[114.1801306,22.3019696],[114.18014580000001,22.302074900000001],[114.1801593,22.3021897],[114.18016540000001,22.3022499],[114.1801916,22.302422700000001],[114.1802282,22.302569600000002],[114.1802936,22.302771],[114.1803855,22.302962699999998],[114.18057829999999,22.303328499999999]]},"properties":{"FID":498946,"osm_id":"244383771","code":5111,"fclass":"motorway","name":"Cross-Harbour Tunnel Approach","ref":"1","oneway":"F","maxspeed":50,"layer":0,"bridge":"F","tunnel":"F"}},{"type":"Feature","id":498947,"geometry":{"type":"LineString","coordinates":[[114.1807029,22.303715400000002],[114.18078319999999,22.303833399999998],[114.18096679999999,22.304211800000001],[114.1811249,22.304549099999999]]},"properties":{"FID":498947,"osm_id":"244383847","code":5112,"fclass":"trunk","name":"康莊道 Hong Chong Road","ref":"1","oneway":"F","maxspeed":70,"layer":0,"bridge":"F","tunnel":"F"}},{"type":"Feature","id":498948,"geometry":{"type":"LineString","coordinates":[[114.17849699999999,22.305756299999999],[114.1783094,22.3058239]]},"properties":{"FID":498948,"osm_id":"244383901","code":5112,"fclass":"trunk","name":"漆咸道北 Chatham Road North","ref":"5","oneway":"F","maxspeed":50,"layer":0,"bridge":"F","tunnel":"F"}},{"type":"Feature","id":504050,"geometry":{"type":"LineString","coordinates":[[114.17996410000001,22.3011959],[114.17979029999999,22.301567599999998],[114.17974150000001,22.301680300000001],[114.1797055,22.301836900000001],[114.1796882,22.3019654],[114.17968140000001,22.3020973],[114.17968279999999,22.302194],[114.1797006,22.302286299999999],[114.1797191,22.3023992],[114.1797607,22.302521299999999],[114.17981039999999,22.302638000000002],[114.17986380000001,22.302772399999998]]},"properties":{"FID":504050,"osm_id":"245454546","code":5113,"fclass":"primary","name":"康莊道 Hong Chong Road","ref":" ","oneway":"F","maxspeed":50,"layer":0,"bridge":"F","tunnel":"F"}},{"type":"Feature","id":504051,"geometry":{"type":"LineString","coordinates":[[114.1784595,22.302408499999999],[114.17810919999999,22.302523399999998]]},"properties":{"FID":504051,"osm_id":"245455458","code":5115,"fclass":"tertiary","name":"暢運道 Cheong Wan Road","ref":" ","oneway":"F","maxspeed":0,"layer":0,"bridge":"F","tunnel":"F"}},{"type":"Feature","id":504052,"geometry":{"type":"LineString","coordinates":[[114.17810919999999,22.302523399999998],[114.1776357,22.3026962],[114.1775253,22.3027473]]},"properties":{"FID":504052,"osm_id":"245455668","code":5114,"fclass":"secondary","name":"暢運道 Cheong Wan Road","ref":" ","oneway":"F","maxspeed":0,"layer":0,"bridge":"F","tunnel":"F"}},{"type":"Feature","id":504053,"geometry":{"type":"LineString","coordinates":[[114.1771985,22.302898599999999],[114.17712330000001,22.3027719],[114.177024,22.302600699999999]]},"properties":{"FID":504053,"osm_id":"245455797","code":5114,"fclass":"secondary","name":"漆咸道南 Chatham Road South","ref":" ","oneway":"F","maxspeed":0,"layer":0,"bridge":"F","tunnel":"F"}},{"type":"Feature","id":513673,"geometry":{"type":"LineString","coordinates":[[114.1783315,22.305894299999999],[114.178657,22.3058424]]},"properties":{"FID":513673,"osm_id":"247844983","code":5112,"fclass":"trunk","name":"漆咸道北 Chatham Road North","ref":"5","oneway":"F","maxspeed":50,"layer":0,"bridge":"F","tunnel":"F"}},{"type":"Feature","id":513674,"geometry":{"type":"LineString","coordinates":[[114.1806041,22.306875000000002],[114.18076050000001,22.307014599999999],[114.1809375,22.307208200000002]]},"properties":{"FID":513674,"osm_id":"247845191","code":5112,"fclass":"trunk","name":"漆咸道北 Chatham Road North","ref":"5","oneway":"F","maxspeed":50,"layer":0,"bridge":"F","tunnel":"F"}},{"type":"Feature","id":513675,"geometry":{"type":"LineString","coordinates":[[114.1809094,22.306722199999999],[114.18115419999999,22.306486499999998]]},"properties":{"FID":513675,"osm_id":"247845479","code":5112,"fclass":"trunk","name":"康莊道 Hong Chong Road","ref":"1","oneway":"F","maxspeed":70,"layer":1,"bridge":"T","tunnel":"F"}},{"type":"Feature","id":513677,"geometry":{"type":"LineString","coordinates":[[114.18122099999999,22.304436899999999],[114.1811233,22.304222599999999],[114.1810438,22.304015100000001]]},"properties":{"FID":513677,"osm_id":"247846358","code":5111,"fclass":"motorway","name":"Cross-Harbour Tunnel Approach","ref":"1","oneway":"F","maxspeed":70,"layer":0,"bridge":"F","tunnel":"F"}},{"type":"Feature","id":516946,"geometry":{"type":"LineString","coordinates":[[114.1810974,22.306387000000001],[114.1807831,22.306663700000001]]},"properties":{"FID":516946,"osm_id":"249215288","code":5112,"fclass":"trunk","name":"康莊道 Hong Chong Road","ref":"1","oneway":"F","maxspeed":70,"layer":1,"bridge":"T","tunnel":"F"}},{"type":"Feature","id":516947,"geometry":{"type":"LineString","coordinates":[[114.18182109999999,22.307964800000001],[114.18228879999999,22.308247900000001]]},"properties":{"FID":516947,"osm_id":"249215903","code":5112,"fclass":"trunk","name":"漆咸道北 Chatham Road North","ref":"5","oneway":"F","maxspeed":50,"layer":0,"bridge":"F","tunnel":"F"}},{"type":"Feature","id":517038,"geometry":{"type":"LineString","coordinates":[[114.18123509999999,22.307310699999999],[114.18110280000001,22.307168699999998]]},"properties":{"FID":517038,"osm_id":"249233520","code":5112,"fclass":"trunk","name":"漆咸道北 Chatham Road North","ref":"5","oneway":"F","maxspeed":50,"layer":1,"bridge":"T","tunnel":"F"}},{"type":"Feature","id":517039,"geometry":{"type":"LineString","coordinates":[[114.1815466,22.305980900000002],[114.1815746,22.305902],[114.18160949999999,22.305722500000002],[114.1816006,22.305477199999999],[114.1815713,22.305290800000002],[114.1814914,22.305007199999999],[114.18122099999999,22.304436899999999]]},"properties":{"FID":517039,"osm_id":"249233908","code":5112,"fclass":"trunk","name":"康莊道 Hong Chong Road","ref":"1","oneway":"F","maxspeed":70,"layer":0,"bridge":"F","tunnel":"F"}},{"type":"Feature","id":517094,"geometry":{"type":"LineString","coordinates":[[114.18351319999999,22.309115299999998],[114.1835554,22.3091455],[114.1835796,22.3091157],[114.1835554,22.3091008]]},"properties":{"FID":517094,"osm_id":"249263018","code":5153,"fclass":"footway","name":" ","ref":" ","oneway":"B","maxspeed":0,"layer":1,"bridge":"T","tunnel":"F"}},{"type":"Feature","id":518168,"geometry":{"type":"LineString","coordinates":[[114.17699020000001,22.306154100000001],[114.1761391,22.306422999999999],[114.1755845,22.3066095],[114.17521429999999,22.306737500000001]]},"properties":{"FID":518168,"osm_id":"249536532","code":5113,"fclass":"primary","name":"加士居道 Gascoigne Road","ref":" ","oneway":"F","maxspeed":50,"layer":0,"bridge":"F","tunnel":"F"}},{"type":"Feature","id":535506,"geometry":{"type":"LineString","coordinates":[[114.1768428,22.302539800000002],[114.17695519999999,22.302889799999999],[114.1770238,22.3029954]]},"properties":{"FID":535506,"osm_id":"254005602","code":5114,"fclass":"secondary","name":"漆咸道南 Chatham Road South","ref":" ","oneway":"F","maxspeed":0,"layer":0,"bridge":"F","tunnel":"F"}},{"type":"Feature","id":535507,"geometry":{"type":"LineString","coordinates":[[114.17725160000001,22.302984200000001],[114.17725710000001,22.3029817],[114.1774095,22.302911000000002],[114.1775452,22.3028607],[114.17804839999999,22.3026485],[114.1782669,22.302561799999999],[114.1783361,22.3025381]]},"properties":{"FID":535507,"osm_id":"254006413","code":5114,"fclass":"secondary","name":"暢運道 Cheong Wan Road","ref":" ","oneway":"F","maxspeed":0,"layer":0,"bridge":"F","tunnel":"F"}},{"type":"Feature","id":535508,"geometry":{"type":"LineString","coordinates":[[114.17986380000001,22.302772399999998],[114.18010270000001,22.303087300000001],[114.1801863,22.303197000000001],[114.18024800000001,22.303270300000001],[114.1803183,22.3033416],[114.180403,22.303430299999999],[114.1805445,22.3035867],[114.1807029,22.303715400000002]]},"properties":{"FID":535508,"osm_id":"254006673","code":5113,"fclass":"primary","name":"康莊道 Hong Chong Road","ref":" ","oneway":"F","maxspeed":50,"layer":0,"bridge":"F","tunnel":"F"}},{"type":"Feature","id":535509,"geometry":{"type":"LineString","coordinates":[[114.1811732,22.306107999999998],[114.18089139999999,22.306277699999999],[114.180727,22.306317700000001],[114.1806065,22.306308699999999],[114.180375,22.3062474],[114.18027789999999,22.306199400000001],[114.1800295,22.306061799999998]]},"properties":{"FID":535509,"osm_id":"254006793","code":5132,"fclass":"trunk_link","name":"康莊道 Hong Chong Road","ref":" ","oneway":"F","maxspeed":50,"layer":0,"bridge":"F","tunnel":"F"}},{"type":"Feature","id":535510,"geometry":{"type":"LineString","coordinates":[[114.1813444,22.306479299999999],[114.1814909,22.306228999999998],[114.1815378,22.3061075],[114.1815466,22.305980900000002]]},"properties":{"FID":535510,"osm_id":"254006970","code":5132,"fclass":"trunk_link","name":"康莊道 Hong Chong Road","ref":" ","oneway":"F","maxspeed":70,"layer":0,"bridge":"F","tunnel":"F"}},{"type":"Feature","id":564428,"geometry":{"type":"LineString","coordinates":[[114.183905,22.306023499999998],[114.1839494,22.305999799999999]]},"properties":{"FID":564428,"osm_id":"261344161","code":5155,"fclass":"steps","name":" ","ref":" ","oneway":"B","maxspeed":0,"layer":1,"bridge":"T","tunnel":"F"}},{"type":"Feature","id":569357,"geometry":{"type":"LineString","coordinates":[[114.1824895,22.3083527],[114.1826892,22.308468000000001],[114.18295740000001,22.308616900000001]]},"properties":{"FID":569357,"osm_id":"262895307","code":5112,"fclass":"trunk","name":"漆咸道北 Chatham Road North","ref":"5","oneway":"F","maxspeed":50,"layer":0,"bridge":"F","tunnel":"F"}},{"type":"Feature","id":569374,"geometry":{"type":"LineString","coordinates":[[114.1841086,22.309195599999999],[114.18396060000001,22.309083999999999],[114.1837306,22.308938900000001],[114.18353500000001,22.308826799999999],[114.18345979999999,22.308783699999999]]},"properties":{"FID":569374,"osm_id":"262908485","code":5112,"fclass":"trunk","name":"漆咸道北 Chatham Road North","ref":"5","oneway":"F","maxspeed":50,"layer":0,"bridge":"F","tunnel":"F"}},{"type":"Feature","id":591938,"geometry":{"type":"LineString","coordinates":[[114.1782123,22.304183399999999],[114.17816449999999,22.304044999999999],[114.1780653,22.3038691],[114.177875,22.3036584]]},"properties":{"FID":591938,"osm_id":"270589685","code":5114,"fclass":"secondary","name":"漆咸道南 Chatham Road South","ref":" ","oneway":"F","maxspeed":50,"layer":0,"bridge":"F","tunnel":"F"}},{"type":"Feature","id":591939,"geometry":{"type":"LineString","coordinates":[[114.1778887,22.303852800000001],[114.1779925,22.303963499999998],[114.1780452,22.3040682],[114.17810799999999,22.3042199],[114.178286,22.304855499999999]]},"properties":{"FID":591939,"osm_id":"270589686","code":5132,"fclass":"trunk_link","name":"公主道 Princess Margaret Road","ref":" ","oneway":"F","maxspeed":70,"layer":0,"bridge":"F","tunnel":"F"}},{"type":"Feature","id":591940,"geometry":{"type":"LineString","coordinates":[[114.1789917,22.308680899999999],[114.1788976,22.308935699999999],[114.1787795,22.309197000000001],[114.1785438,22.309578500000001],[114.17831049999999,22.309955599999999],[114.17809509999999,22.31025],[114.17792420000001,22.3105735],[114.1777901,22.3107981],[114.1776413,22.311017700000001],[114.1775098,22.3111666],[114.17704380000001,22.3116597]]},"properties":{"FID":591940,"osm_id":"270589687","code":5112,"fclass":"trunk","name":"公主道 Princess Margaret Road","ref":"1","oneway":"F","maxspeed":70,"layer":0,"bridge":"F","tunnel":"F"}},{"type":"Feature","id":595306,"geometry":{"type":"LineString","coordinates":[[114.1763685,22.3116448],[114.17632500000001,22.311534399999999],[114.1761949,22.311180799999999],[114.17608420000001,22.310866900000001],[114.176042,22.310642999999999],[114.1760252,22.310429599999999],[114.1760294,22.310229],[114.1760574,22.310013999999999],[114.176408,22.3087667],[114.1764376,22.308662600000002],[114.176503,22.308362500000001],[114.1767543,22.307419599999999],[114.17697750000001,22.306696599999999]]},"properties":{"FID":595306,"osm_id":"272254645","code":5115,"fclass":"tertiary","name":"衛理道 Wylie Road","ref":" ","oneway":"B","maxspeed":0,"layer":0,"bridge":"F","tunnel":"F"}},{"type":"Feature","id":911876,"geometry":{"type":"LineString","coordinates":[[114.18124299999999,22.3051563],[114.1812874,22.305252899999999],[114.1813002,22.305322400000001],[114.1813014,22.305372800000001],[114.18129690000001,22.3054363],[114.1812877,22.305499399999999],[114.18127269999999,22.305558900000001],[114.18123540000001,22.305658900000001],[114.1811936,22.3057032],[114.1811362,22.305741099999999],[114.1809937,22.305832899999999],[114.1809463,22.3058491],[114.18075829999999,22.305896799999999],[114.18072189999999,22.305895400000001],[114.18068289999999,22.305888400000001],[114.1806476,22.305868199999999],[114.1806192,22.305847199999999],[114.1805289,22.305754100000001],[114.1805111,22.305736700000001],[114.1804626,22.305686900000001],[114.1803104,22.3055263],[114.1802635,22.3054767],[114.180196,22.305406900000001],[114.18002540000001,22.305230399999999],[114.1799541,22.3051566],[114.1798295,22.305028400000001],[114.1797643,22.304961200000001],[114.1796946,22.304891000000001],[114.1796561,22.304852400000001]]},"properties":{"FID":911876,"osm_id":"341173687","code":5141,"fclass":"service","name":"育才道 Yuk Choi Road","ref":" ","oneway":"B","maxspeed":0,"layer":0,"bridge":"F","tunnel":"F"}},{"type":"Feature","id":1000742,"geometry":{"type":"LineString","coordinates":[[114.1804199,22.303525700000002],[114.1803828,22.303508699999998],[114.18035089999999,22.303494000000001],[114.1802318,22.303437800000001],[114.1801596,22.3034526]]},"properties":{"FID":1000742,"osm_id":"365250733","code":5153,"fclass":"footway","name":" ","ref":" ","oneway":"B","maxspeed":0,"layer":1,"bridge":"T","tunnel":"F"}},{"type":"Feature","id":1033522,"geometry":{"type":"LineString","coordinates":[[114.1831217,22.305956699999999],[114.1832778,22.3058449]]},"properties":{"FID":1033522,"osm_id":"374441866","code":5122,"fclass":"residential","name":"暢行道 Cheong Hang Road","ref":" ","oneway":"F","maxspeed":0,"layer":0,"bridge":"F","tunnel":"F"}},{"type":"Feature","id":1096404,"geometry":{"type":"LineString","coordinates":[[114.1792119,22.305644699999998],[114.17907289999999,22.305644999999998],[114.1789291,22.3056543],[114.1787506,22.305693300000001]]},"properties":{"FID":1096404,"osm_id":"388176756","code":5112,"fclass":"trunk","name":"漆咸道北 Chatham Road North","ref":"5","oneway":"F","maxspeed":50,"layer":0,"bridge":"F","tunnel":"F"}},{"type":"Feature","id":1133108,"geometry":{"type":"LineString","coordinates":[[114.1834704,22.309168],[114.1832034,22.3098189]]},"properties":{"FID":1133108,"osm_id":"395007214","code":5153,"fclass":"footway","name":" ","ref":" ","oneway":"B","maxspeed":0,"layer":0,"bridge":"F","tunnel":"F"}},{"type":"Feature","id":1133109,"geometry":{"type":"LineString","coordinates":[[114.1835554,22.3091008],[114.1836538,22.309111300000001]]},"properties":{"FID":1133109,"osm_id":"395007215","code":5153,"fclass":"footway","name":" ","ref":" ","oneway":"B","maxspeed":0,"layer":0,"bridge":"F","tunnel":"F"}},{"type":"Feature","id":1133110,"geometry":{"type":"LineString","coordinates":[[114.17709410000001,22.3065392],[114.1771062,22.306485899999998],[114.1771506,22.3064292],[114.1773317,22.306366300000001],[114.17782579999999,22.306170699999999]]},"properties":{"FID":1133110,"osm_id":"395007217","code":5153,"fclass":"footway","name":" ","ref":" ","oneway":"B","maxspeed":0,"layer":0,"bridge":"F","tunnel":"F"}},{"type":"Feature","id":1133111,"geometry":{"type":"LineString","coordinates":[[114.17782579999999,22.306170699999999],[114.1779049,22.306158199999999]]},"properties":{"FID":1133111,"osm_id":"395007218","code":5155,"fclass":"steps","name":" ","ref":" ","oneway":"B","maxspeed":0,"layer":0,"bridge":"F","tunnel":"F"}},{"type":"Feature","id":1133112,"geometry":{"type":"LineString","coordinates":[[114.1781275,22.3061358],[114.1782268,22.306122200000001]]},"properties":{"FID":1133112,"osm_id":"395007219","code":5155,"fclass":"steps","name":" ","ref":" ","oneway":"B","maxspeed":0,"layer":0,"bridge":"F","tunnel":"F"}},{"type":"Feature","id":1133113,"geometry":{"type":"LineString","coordinates":[[114.1779049,22.306158199999999],[114.1781275,22.3061358]]},"properties":{"FID":1133113,"osm_id":"395007220","code":5153,"fclass":"footway","name":" ","ref":" ","oneway":"B","maxspeed":0,"layer":-1,"bridge":"F","tunnel":"T"}},{"type":"Feature","id":1133114,"geometry":{"type":"LineString","coordinates":[[114.1782268,22.306122200000001],[114.1787463,22.305995200000002],[114.17881149999999,22.305910000000001],[114.1789844,22.305918699999999],[114.17914500000001,22.305951799999999],[114.1793157,22.305986900000001],[114.17951909999999,22.306052900000001],[114.179647,22.306140800000001],[114.17974890000001,22.306262400000001],[114.1798409,22.306372700000001],[114.1798754,22.3063951],[114.1799171,22.306366199999999],[114.17997080000001,22.306405000000002]]},"properties":{"FID":1133114,"osm_id":"395007221","code":5153,"fclass":"footway","name":" ","ref":" ","oneway":"B","maxspeed":0,"layer":0,"bridge":"F","tunnel":"F"}},{"type":"Feature","id":1133125,"geometry":{"type":"LineString","coordinates":[[114.17699020000001,22.306154100000001],[114.1769664,22.3061057],[114.17720300000001,22.306039599999998],[114.17818699999999,22.305710900000001]]},"properties":{"FID":1133125,"osm_id":"395009669","code":5153,"fclass":"footway","name":" ","ref":" ","oneway":"B","maxspeed":0,"layer":0,"bridge":"F","tunnel":"F"}},{"type":"Feature","id":1133127,"geometry":{"type":"LineString","coordinates":[[114.1805052,22.3061191],[114.18052280000001,22.306079799999999]]},"properties":{"FID":1133127,"osm_id":"395010750","code":5155,"fclass":"steps","name":" ","ref":" ","oneway":"B","maxspeed":0,"layer":0,"bridge":"F","tunnel":"F"}},{"type":"Feature","id":1133128,"geometry":{"type":"LineString","coordinates":[[114.1779535,22.305863200000001],[114.1772553,22.306073999999999],[114.17721779999999,22.306085400000001],[114.17699020000001,22.306154100000001]]},"properties":{"FID":1133128,"osm_id":"395010751","code":5113,"fclass":"primary","name":"加士居道 Gascoigne Road","ref":" ","oneway":"F","maxspeed":50,"layer":0,"bridge":"F","tunnel":"F"}},{"type":"Feature","id":1133130,"geometry":{"type":"LineString","coordinates":[[114.1820553,22.307259899999998],[114.18195799999999,22.307294800000001],[114.1818808,22.3073339],[114.1817605,22.307394800000001],[114.1817235,22.307424900000001],[114.1817018,22.307400699999999],[114.18168970000001,22.307414300000001],[114.1816109,22.307498800000001]]},"properties":{"FID":1133130,"osm_id":"395012673","code":5153,"fclass":"footway","name":" ","ref":" ","oneway":"B","maxspeed":0,"layer":0,"bridge":"F","tunnel":"F"}},{"type":"Feature","id":1133131,"geometry":{"type":"LineString","coordinates":[[114.18269119999999,22.308245899999999],[114.182738,22.308195000000001]]},"properties":{"FID":1133131,"osm_id":"395012678","code":5155,"fclass":"steps","name":" ","ref":" ","oneway":"B","maxspeed":0,"layer":0,"bridge":"F","tunnel":"F"}},{"type":"Feature","id":1133188,"geometry":{"type":"LineString","coordinates":[[114.182738,22.308195000000001],[114.1830283,22.308420300000002],[114.1832271,22.3085609],[114.1834838,22.3087254],[114.183699,22.308639800000002],[114.1840071,22.3085059]]},"properties":{"FID":1133188,"osm_id":"395014670","code":5153,"fclass":"footway","name":" ","ref":" ","oneway":"B","maxspeed":0,"layer":0,"bridge":"F","tunnel":"F"}},{"type":"Feature","id":1133189,"geometry":{"type":"LineString","coordinates":[[114.1839212,22.308858799999999],[114.1839221,22.308928600000002],[114.18407430000001,22.3090552],[114.18409870000001,22.309068499999999],[114.18412549999999,22.3090586],[114.1841367,22.3090267],[114.1841617,22.3089686],[114.184197,22.3089187],[114.1842314,22.308946899999999]]},"properties":{"FID":1133189,"osm_id":"395014671","code":5153,"fclass":"footway","name":" ","ref":" ","oneway":"B","maxspeed":0,"layer":0,"bridge":"F","tunnel":"F"}},{"type":"Feature","id":1308043,"geometry":{"type":"LineString","coordinates":[[114.17521429999999,22.306737500000001],[114.1748728,22.3068299]]},"properties":{"FID":1308043,"osm_id":"435674059","code":5113,"fclass":"primary","name":"加士居道 Gascoigne Road","ref":" ","oneway":"F","maxspeed":0,"layer":0,"bridge":"F","tunnel":"F"}},{"type":"Feature","id":1308044,"geometry":{"type":"LineString","coordinates":[[114.18321109999999,22.305498700000001],[114.1833702,22.30564],[114.1834597,22.305736700000001],[114.1835434,22.305837700000001],[114.1836211,22.3059428],[114.1836924,22.3060516],[114.1837584,22.306166000000001],[114.18382269999999,22.306281200000001]]},"properties":{"FID":1308044,"osm_id":"435674066","code":5115,"fclass":"tertiary","name":"機利士南路 Gillies Avenue South","ref":" ","oneway":"F","maxspeed":0,"layer":0,"bridge":"F","tunnel":"F"}},{"type":"Feature","id":1308046,"geometry":{"type":"LineString","coordinates":[[114.18414509999999,22.305704200000001],[114.1837317,22.305925800000001]]},"properties":{"FID":1308046,"osm_id":"435674068","code":5115,"fclass":"tertiary","name":"紅磡南道 Hung Hom South Road","ref":" ","oneway":"F","maxspeed":0,"layer":0,"bridge":"F","tunnel":"F"}},{"type":"Feature","id":1312563,"geometry":{"type":"LineString","coordinates":[[114.17810919999999,22.302523399999998],[114.17799530000001,22.302159100000001],[114.17798000000001,22.302090799999998],[114.17797059999999,22.302027200000001],[114.1779859,22.301957300000002],[114.1780165,22.301903100000001],[114.17806090000001,22.301855199999999],[114.1782867,22.301634100000001],[114.1783993,22.3015203]]},"properties":{"FID":1312563,"osm_id":"436427387","code":5115,"fclass":"tertiary","name":"科學館道 Science Museum Road","ref":" ","oneway":"B","maxspeed":0,"layer":0,"bridge":"F","tunnel":"F"}},{"type":"Feature","id":1312564,"geometry":{"type":"LineString","coordinates":[[114.17842229999999,22.301605800000001],[114.1783993,22.3015203]]},"properties":{"FID":1312564,"osm_id":"436427388","code":5141,"fclass":"service","name":" ","ref":" ","oneway":"F","maxspeed":0,"layer":0,"bridge":"F","tunnel":"F"}},{"type":"Feature","id":1312565,"geometry":{"type":"LineString","coordinates":[[114.17854269999999,22.301726800000001],[114.1785161,22.301648499999999]]},"properties":{"FID":1312565,"osm_id":"436427389","code":5141,"fclass":"service","name":" ","ref":" ","oneway":"F","maxspeed":0,"layer":0,"bridge":"F","tunnel":"F"}},{"type":"Feature","id":1312567,"geometry":{"type":"LineString","coordinates":[[114.1788992,22.3020782],[114.178792,22.302010500000002]]},"properties":{"FID":1312567,"osm_id":"436427391","code":5141,"fclass":"service","name":" ","ref":" ","oneway":"F","maxspeed":0,"layer":0,"bridge":"F","tunnel":"F"}},{"type":"Feature","id":1312568,"geometry":{"type":"LineString","coordinates":[[114.178792,22.302010500000002],[114.17872269999999,22.3020301],[114.178652,22.3020499]]},"properties":{"FID":1312568,"osm_id":"436427392","code":5141,"fclass":"service","name":" ","ref":" ","oneway":"F","maxspeed":0,"layer":0,"bridge":"F","tunnel":"F"}},{"type":"Feature","id":1337983,"geometry":{"type":"LineString","coordinates":[[114.18291670000001,22.303656100000001],[114.1829273,22.303518400000002]]},"properties":{"FID":1337983,"osm_id":"441937725","code":5115,"fclass":"tertiary","name":"暢運道 Cheong Wan Road","ref":" ","oneway":"F","maxspeed":0,"layer":1,"bridge":"F","tunnel":"F"}},{"type":"Feature","id":1337986,"geometry":{"type":"LineString","coordinates":[[114.1830686,22.302418200000002],[114.1831103,22.3023864],[114.1831378,22.302369500000001],[114.183159,22.302346100000001],[114.1831926,22.302300599999999]]},"properties":{"FID":1337986,"osm_id":"441937728","code":5115,"fclass":"tertiary","name":"都會道 Metropolis Drive","ref":" ","oneway":"F","maxspeed":0,"layer":1,"bridge":"F","tunnel":"F"}},{"type":"Feature","id":1337987,"geometry":{"type":"LineString","coordinates":[[114.18137110000001,22.3038439],[114.1814519,22.303986699999999],[114.1815221,22.304068399999998],[114.18157840000001,22.304108299999999],[114.1816426,22.304130799999999],[114.1819193,22.304108899999999]]},"properties":{"FID":1337987,"osm_id":"441937729","code":5115,"fclass":"tertiary","name":"安運道 On Wan Road","ref":" ","oneway":"F","maxspeed":0,"layer":1,"bridge":"F","tunnel":"F"}},{"type":"Feature","id":1337992,"geometry":{"type":"LineString","coordinates":[[114.18137110000001,22.3038439],[114.18150060000001,22.303871900000001]]},"properties":{"FID":1337992,"osm_id":"441937734","code":5141,"fclass":"service","name":" ","ref":" ","oneway":"F","maxspeed":0,"layer":1,"bridge":"F","tunnel":"F"}},{"type":"Feature","id":1337994,"geometry":{"type":"LineString","coordinates":[[114.1824574,22.304089999999999],[114.1825754,22.303961399999999]]},"properties":{"FID":1337994,"osm_id":"441937736","code":5141,"fclass":"service","name":" ","ref":" ","oneway":"F","maxspeed":0,"layer":1,"bridge":"F","tunnel":"F"}},{"type":"Feature","id":1337999,"geometry":{"type":"LineString","coordinates":[[114.1824677,22.303971300000001],[114.1825754,22.303961399999999]]},"properties":{"FID":1337999,"osm_id":"441937741","code":5141,"fclass":"service","name":" ","ref":" ","oneway":"F","maxspeed":0,"layer":1,"bridge":"F","tunnel":"F"}},{"type":"Feature","id":1341502,"geometry":{"type":"LineString","coordinates":[[114.1829273,22.303518400000002],[114.18292529999999,22.303304000000001]]},"properties":{"FID":1341502,"osm_id":"442610586","code":5115,"fclass":"tertiary","name":"暢運道 Cheong Wan Road","ref":" ","oneway":"F","maxspeed":0,"layer":1,"bridge":"F","tunnel":"F"}},{"type":"Feature","id":1341503,"geometry":{"type":"LineString","coordinates":[[114.1824976,22.3019885],[114.1824257,22.302008900000001],[114.18233770000001,22.302019000000001]]},"properties":{"FID":1341503,"osm_id":"442610587","code":5115,"fclass":"tertiary","name":"暢運道 Cheong Wan Road","ref":" ","oneway":"F","maxspeed":0,"layer":1,"bridge":"F","tunnel":"F"}},{"type":"Feature","id":1341504,"geometry":{"type":"LineString","coordinates":[[114.1812075,22.3020496],[114.1811549,22.302093299999999],[114.181116,22.302144599999998],[114.1811057,22.302190700000001],[114.181099,22.302282999999999]]},"properties":{"FID":1341504,"osm_id":"442610588","code":5115,"fclass":"tertiary","name":"暢運道 Cheong Wan Road","ref":" ","oneway":"F","maxspeed":0,"layer":0,"bridge":"F","tunnel":"F"}},{"type":"Feature","id":1341505,"geometry":{"type":"LineString","coordinates":[[114.18218160000001,22.3041029],[114.1824574,22.304089999999999]]},"properties":{"FID":1341505,"osm_id":"442610589","code":5115,"fclass":"tertiary","name":"安運道 On Wan Road","ref":" ","oneway":"F","maxspeed":0,"layer":1,"bridge":"F","tunnel":"F"}},{"type":"Feature","id":1341506,"geometry":{"type":"LineString","coordinates":[[114.1819193,22.304108899999999],[114.1820938,22.304098499999998],[114.18218160000001,22.3041029]]},"properties":{"FID":1341506,"osm_id":"442610590","code":5115,"fclass":"tertiary","name":"安運道 On Wan Road","ref":" ","oneway":"F","maxspeed":0,"layer":1,"bridge":"F","tunnel":"F"}},{"type":"Feature","id":1341508,"geometry":{"type":"LineString","coordinates":[[114.1826547,22.302145500000002],[114.1826102,22.3020988],[114.18254949999999,22.302069500000002],[114.1824463,22.302038599999999],[114.18233770000001,22.302019000000001]]},"properties":{"FID":1341508,"osm_id":"442610592","code":5141,"fclass":"service","name":" ","ref":" ","oneway":"F","maxspeed":0,"layer":1,"bridge":"F","tunnel":"F"}},{"type":"Feature","id":1357148,"geometry":{"type":"LineString","coordinates":[[114.17997080000001,22.306405000000002],[114.180001,22.306430500000001],[114.1800302,22.306490799999999],[114.1800655,22.306522000000001],[114.1802543,22.3066934],[114.18031120000001,22.3068007],[114.18065559999999,22.307183800000001],[114.1806668,22.3072397],[114.1805676,22.307624000000001]]},"properties":{"FID":1357148,"osm_id":"446811357","code":5153,"fclass":"footway","name":" ","ref":" ","oneway":"B","maxspeed":0,"layer":0,"bridge":"F","tunnel":"F"}},{"type":"Feature","id":1357149,"geometry":{"type":"LineString","coordinates":[[114.1805676,22.307624000000001],[114.1804812,22.307982500000001]]},"properties":{"FID":1357149,"osm_id":"446811358","code":5153,"fclass":"footway","name":" ","ref":" ","oneway":"B","maxspeed":0,"layer":-1,"bridge":"F","tunnel":"T"}},{"type":"Feature","id":1357150,"geometry":{"type":"LineString","coordinates":[[114.18031120000001,22.3068007],[114.1806279,22.306547299999998],[114.1806809,22.306365599999999],[114.1806847,22.3062757],[114.1805696,22.3062638],[114.18047439999999,22.306222699999999]]},"properties":{"FID":1357150,"osm_id":"446811359","code":5153,"fclass":"footway","name":" ","ref":" ","oneway":"B","maxspeed":0,"layer":-1,"bridge":"F","tunnel":"T"}},{"type":"Feature","id":1357151,"geometry":{"type":"LineString","coordinates":[[114.1806809,22.306365599999999],[114.1810198,22.306721700000001],[114.1813571,22.306830999999999]]},"properties":{"FID":1357151,"osm_id":"446811360","code":5153,"fclass":"footway","name":" ","ref":" ","oneway":"B","maxspeed":0,"layer":-1,"bridge":"F","tunnel":"T"}},{"type":"Feature","id":1357152,"geometry":{"type":"LineString","coordinates":[[114.1813571,22.306830999999999],[114.1813556,22.306867100000002],[114.1813751,22.3069892],[114.18136730000001,22.307055900000002]]},"properties":{"FID":1357152,"osm_id":"446811361","code":5153,"fclass":"footway","name":" ","ref":" ","oneway":"B","maxspeed":0,"layer":0,"bridge":"F","tunnel":"F"}},{"type":"Feature","id":1357153,"geometry":{"type":"LineString","coordinates":[[114.18136730000001,22.307055900000002],[114.18134670000001,22.307123000000001],[114.181285,22.3072032]]},"properties":{"FID":1357153,"osm_id":"446811362","code":5155,"fclass":"steps","name":" ","ref":" ","oneway":"B","maxspeed":0,"layer":0,"bridge":"F","tunnel":"F"}},{"type":"Feature","id":1357154,"geometry":{"type":"LineString","coordinates":[[114.181285,22.3072032],[114.181307,22.307245600000002],[114.1813418,22.307274199999998]]},"properties":{"FID":1357154,"osm_id":"446811363","code":5153,"fclass":"footway","name":" ","ref":" ","oneway":"B","maxspeed":0,"layer":0,"bridge":"F","tunnel":"F"}},{"type":"Feature","id":1361119,"geometry":{"type":"LineString","coordinates":[[114.1820343,22.309191500000001],[114.1820041,22.309133899999999],[114.1819624,22.309061400000001],[114.1818852,22.309014699999999],[114.1817645,22.308993399999999],[114.1816438,22.308988299999999],[114.1814832,22.309017900000001],[114.18132850000001,22.3090686],[114.1811854,22.309132699999999]]},"properties":{"FID":1361119,"osm_id":"447611136","code":5141,"fclass":"service","name":" ","ref":" ","oneway":"F","maxspeed":0,"layer":0,"bridge":"F","tunnel":"F"}},{"type":"Feature","id":1370874,"geometry":{"type":"LineString","coordinates":[[114.182455,22.308884899999999],[114.1824948,22.308861100000001],[114.18278720000001,22.309335000000001],[114.1829683,22.309241],[114.1832294,22.3091118]]},"properties":{"FID":1370874,"osm_id":"449304993","code":5153,"fclass":"footway","name":" ","ref":" ","oneway":"B","maxspeed":0,"layer":1,"bridge":"F","tunnel":"F"}},{"type":"Feature","id":1370875,"geometry":{"type":"LineString","coordinates":[[114.182455,22.308884899999999],[114.18226559999999,22.308985700000001],[114.1820623,22.309101800000001]]},"properties":{"FID":1370875,"osm_id":"449304994","code":5153,"fclass":"footway","name":" ","ref":" ","oneway":"B","maxspeed":0,"layer":1,"bridge":"T","tunnel":"F"}},{"type":"Feature","id":1370879,"geometry":{"type":"LineString","coordinates":[[114.1834831,22.309152300000001],[114.1834108,22.3091191],[114.1833891,22.309061199999999],[114.18341959999999,22.309054199999999],[114.1834491,22.309071599999999],[114.1834822,22.309068400000001],[114.1834863,22.309047],[114.1834568,22.309002100000001]]},"properties":{"FID":1370879,"osm_id":"449305001","code":5153,"fclass":"footway","name":" ","ref":" ","oneway":"B","maxspeed":0,"layer":1,"bridge":"T","tunnel":"F"}},{"type":"Feature","id":1370880,"geometry":{"type":"LineString","coordinates":[[114.1832294,22.3091118],[114.1834568,22.309002100000001],[114.18378389999999,22.308753800000002],[114.183699,22.308639800000002]]},"properties":{"FID":1370880,"osm_id":"449305002","code":5153,"fclass":"footway","name":" ","ref":" ","oneway":"B","maxspeed":0,"layer":1,"bridge":"T","tunnel":"F"}},{"type":"Feature","id":1370882,"geometry":{"type":"LineString","coordinates":[[114.18247789999999,22.308729499999998],[114.1824945,22.308652899999998],[114.18253129999999,22.308592300000001],[114.18257060000001,22.3085582],[114.18267229999999,22.308560499999999]]},"properties":{"FID":1370882,"osm_id":"449305005","code":5141,"fclass":"service","name":" ","ref":" ","oneway":"B","maxspeed":0,"layer":0,"bridge":"F","tunnel":"F"}},{"type":"Feature","id":1370883,"geometry":{"type":"LineString","coordinates":[[114.1823624,22.308527300000002],[114.18238909999999,22.3085667],[114.18241810000001,22.3086178],[114.18243409999999,22.3086609],[114.18247789999999,22.308729499999998],[114.18251239999999,22.308799100000002],[114.1825456,22.308851400000002],[114.1826262,22.308894899999999],[114.1827085,22.3089236],[114.1827825,22.308916100000001],[114.182832,22.308867500000002],[114.18286759999999,22.308796600000001],[114.1829075,22.308744300000001],[114.1829391,22.308711200000001],[114.1829824,22.3086746],[114.1830042,22.308647499999999]]},"properties":{"FID":1370883,"osm_id":"449305006","code":5141,"fclass":"service","name":" ","ref":" ","oneway":"B","maxspeed":0,"layer":0,"bridge":"F","tunnel":"F"}},{"type":"Feature","id":1371036,"geometry":{"type":"LineString","coordinates":[[114.18283769999999,22.311788799999999],[114.1827079,22.3116643],[114.18237550000001,22.311314100000001],[114.1823325,22.311249499999999],[114.1823157,22.311163199999999],[114.18230749999999,22.310951599999999],[114.18230389999999,22.31024],[114.1823026,22.3101451],[114.1822995,22.3096055],[114.18226629999999,22.309508699999999],[114.1822122,22.309418399999998],[114.1821431,22.3093191],[114.1820343,22.309191500000001]]},"properties":{"FID":1371036,"osm_id":"449337010","code":5115,"fclass":"tertiary","name":"忠孝街 Chung Hau Street","ref":" ","oneway":"B","maxspeed":50,"layer":0,"bridge":"F","tunnel":"F"}},{"type":"Feature","id":1371050,"geometry":{"type":"LineString","coordinates":[[114.1811854,22.309132699999999],[114.1811072,22.3091799],[114.1810263,22.309232900000001],[114.18099119999999,22.309291900000002],[114.1809757,22.309370399999999]]},"properties":{"FID":1371050,"osm_id":"449337027","code":5141,"fclass":"service","name":" ","ref":" ","oneway":"F","maxspeed":0,"layer":0,"bridge":"F","tunnel":"F"}},{"type":"Feature","id":1371582,"geometry":{"type":"LineString","coordinates":[[114.1813258,22.307894999999998],[114.1815915,22.3079258],[114.181597,22.307979799999998],[114.18136629999999,22.307965200000002],[114.18112549999999,22.307981000000002],[114.1810687,22.307995600000002]]},"properties":{"FID":1371582,"osm_id":"449500982","code":5153,"fclass":"footway","name":" ","ref":" ","oneway":"B","maxspeed":0,"layer":0,"bridge":"F","tunnel":"F"}},{"type":"Feature","id":1371583,"geometry":{"type":"LineString","coordinates":[[114.1783174,22.307162300000002],[114.178344,22.307116799999999],[114.178354,22.307036799999999],[114.1783459,22.306991499999999],[114.17832110000001,22.306943100000002],[114.1781907,22.3067715],[114.178129,22.306701100000002]]},"properties":{"FID":1371583,"osm_id":"449500985","code":5153,"fclass":"footway","name":" ","ref":" ","oneway":"B","maxspeed":0,"layer":0,"bridge":"F","tunnel":"F"}},{"type":"Feature","id":1381290,"geometry":{"type":"LineString","coordinates":[[114.1786256,22.305330600000001],[114.178555,22.305206800000001],[114.17849270000001,22.305068899999998],[114.1782123,22.304183399999999]]},"properties":{"FID":1381290,"osm_id":"451817426","code":5114,"fclass":"secondary","name":"漆咸道南 Chatham Road South","ref":" ","oneway":"F","maxspeed":50,"layer":0,"bridge":"F","tunnel":"F"}},{"type":"Feature","id":1383825,"geometry":{"type":"LineString","coordinates":[[114.17636400000001,22.3065213],[114.17693130000001,22.306325600000001],[114.1773409,22.306184999999999],[114.1779712,22.305996499999999],[114.1783315,22.305894299999999]]},"properties":{"FID":1383825,"osm_id":"452590570","code":5112,"fclass":"trunk","name":"加士居道天橋 Gascoigne Road Flyover","ref":"5","oneway":"F","maxspeed":50,"layer":1,"bridge":"T","tunnel":"F"}},{"type":"Feature","id":1387638,"geometry":{"type":"LineString","coordinates":[[114.18210190000001,22.307288700000001],[114.18202530000001,22.307305299999999],[114.18194560000001,22.307344700000002],[114.18186059999999,22.307390099999999],[114.1817779,22.307447700000001],[114.1817034,22.307503199999999]]},"properties":{"FID":1387638,"osm_id":"453781976","code":5132,"fclass":"trunk_link","name":"溫思勞街 Winslow Street","ref":" ","oneway":"F","maxspeed":0,"layer":0,"bridge":"F","tunnel":"F"}},{"type":"Feature","id":1406487,"geometry":{"type":"LineString","coordinates":[[114.1756341,22.3023369],[114.1755715,22.302193500000001],[114.17553049999999,22.302093800000002],[114.1754802,22.3019882],[114.1754299,22.301957099999999]]},"properties":{"FID":1406487,"osm_id":"457400096","code":5122,"fclass":"residential","name":"金巴利道 Kimberley Road","ref":" ","oneway":"F","maxspeed":0,"layer":0,"bridge":"F","tunnel":"F"}},{"type":"Feature","id":1547829,"geometry":{"type":"LineString","coordinates":[[114.1750346,22.308612400000001],[114.1749734,22.308892199999999],[114.1749722,22.308915899999999],[114.1749792,22.308935300000002],[114.1749885,22.3089525],[114.1750083,22.308965400000002],[114.1750339,22.3089698],[114.1752678,22.3090236],[114.1752996,22.3090267],[114.17531940000001,22.3090233]]},"properties":{"FID":1547829,"osm_id":"484964918","code":5141,"fclass":"service","name":" ","ref":" ","oneway":"F","maxspeed":0,"layer":0,"bridge":"F","tunnel":"F"}},{"type":"Feature","id":1547830,"geometry":{"type":"LineString","coordinates":[[114.1742611,22.308423900000001],[114.1750346,22.308612400000001]]},"properties":{"FID":1547830,"osm_id":"484964919","code":5141,"fclass":"service","name":" ","ref":" ","oneway":"B","maxspeed":0,"layer":0,"bridge":"F","tunnel":"F"}},{"type":"Feature","id":1550679,"geometry":{"type":"LineString","coordinates":[[114.1781782,22.305074699999999],[114.17829690000001,22.305533700000002]]},"properties":{"FID":1550679,"osm_id":"485625231","code":5114,"fclass":"secondary","name":"漆咸道南 Chatham Road South","ref":" ","oneway":"F","maxspeed":50,"layer":0,"bridge":"F","tunnel":"F"}},{"type":"Feature","id":1571185,"geometry":{"type":"LineString","coordinates":[[114.177875,22.3036584],[114.17765799999999,22.303464900000002],[114.1774992,22.3032474]]},"properties":{"FID":1571185,"osm_id":"492375598","code":5114,"fclass":"secondary","name":"漆咸道南 Chatham Road South","ref":" ","oneway":"F","maxspeed":50,"layer":0,"bridge":"F","tunnel":"F"}},{"type":"Feature","id":1571470,"geometry":{"type":"LineString","coordinates":[[114.1807299,22.303241499999999],[114.1806034,22.302874200000002],[114.1804961,22.302536700000001],[114.1804532,22.302308400000001],[114.1804386,22.302219600000001],[114.1804283,22.302157000000001],[114.1804236,22.302128100000001],[114.18041030000001,22.301950999999999],[114.18039949999999,22.301683000000001],[114.1804262,22.3014078],[114.1804497,22.301228500000001]]},"properties":{"FID":1571470,"osm_id":"492599587","code":5111,"fclass":"motorway","name":"Cross-Harbour Tunnel Approach","ref":"1","oneway":"F","maxspeed":50,"layer":0,"bridge":"F","tunnel":"F"}},{"type":"Feature","id":1578557,"geometry":{"type":"LineString","coordinates":[[114.1836122,22.304641499999999],[114.18350820000001,22.304772799999999],[114.1833275,22.304943699999999],[114.18300139999999,22.305156499999999],[114.1828182,22.3052758],[114.18255430000001,22.305449200000002]]},"properties":{"FID":1578557,"osm_id":"494452056","code":5113,"fclass":"primary","name":"紅磡繞道 Hung Hom Bypass","ref":" ","oneway":"F","maxspeed":70,"layer":2,"bridge":"T","tunnel":"F"}},{"type":"Feature","id":1578558,"geometry":{"type":"LineString","coordinates":[[114.18125999999999,22.306170000000002],[114.18062,22.306519999999999],[114.18051800000001,22.30658],[114.18042,22.306639000000001],[114.180322,22.306702000000001],[114.18020799999999,22.306781000000001],[114.18010599999999,22.306867],[114.18000600000001,22.306957000000001],[114.179892,22.307064],[114.1798,22.307168999999998]]},"properties":{"FID":1578558,"osm_id":"494452057","code":5113,"fclass":"primary","name":"紅磡繞道 Hung Hom Bypass","ref":" ","oneway":"F","maxspeed":70,"layer":2,"bridge":"T","tunnel":"F"}},{"type":"Feature","id":1578573,"geometry":{"type":"LineString","coordinates":[[114.1787506,22.305693300000001],[114.17849699999999,22.305756299999999]]},"properties":{"FID":1578573,"osm_id":"494456726","code":5112,"fclass":"trunk","name":"漆咸道北 Chatham Road North","ref":"5","oneway":"F","maxspeed":50,"layer":0,"bridge":"F","tunnel":"F"}},{"type":"Feature","id":1578605,"geometry":{"type":"LineString","coordinates":[[114.1774992,22.3032474],[114.177381,22.303132300000001],[114.1773335,22.303080699999999],[114.17725710000001,22.3029817]]},"properties":{"FID":1578605,"osm_id":"494468279","code":5114,"fclass":"secondary","name":"漆咸道南 Chatham Road South","ref":" ","oneway":"F","maxspeed":0,"layer":0,"bridge":"F","tunnel":"F"}},{"type":"Feature","id":1578606,"geometry":{"type":"LineString","coordinates":[[114.181099,22.302282999999999],[114.1811505,22.302537600000001],[114.18121069999999,22.3031352],[114.1812439,22.303501499999999],[114.18128179999999,22.303656400000001],[114.181299,22.303709300000001],[114.18137110000001,22.3038439]]},"properties":{"FID":1578606,"osm_id":"494468847","code":5115,"fclass":"tertiary","name":"安運道 On Wan Road","ref":" ","oneway":"F","maxspeed":0,"layer":1,"bridge":"F","tunnel":"F"}},{"type":"Feature","id":1578864,"geometry":{"type":"LineString","coordinates":[[114.18100889999999,22.302053999999998],[114.18084109999999,22.302049499999999],[114.17929909999999,22.302184700000002],[114.1791774,22.302205099999998],[114.17905570000001,22.302229199999999],[114.1788481,22.30228],[114.1786156,22.302351699999999],[114.1784595,22.302408499999999]]},"properties":{"FID":1578864,"osm_id":"494503495","code":5115,"fclass":"tertiary","name":"暢運道 Cheong Wan Road","ref":" ","oneway":"F","maxspeed":0,"layer":2,"bridge":"T","tunnel":"F"}},{"type":"Feature","id":1578865,"geometry":{"type":"LineString","coordinates":[[114.1825874,22.304081100000001],[114.1827421,22.304064700000001],[114.1828431,22.3040187],[114.1828963,22.303898],[114.18291670000001,22.303656100000001]]},"properties":{"FID":1578865,"osm_id":"494503496","code":5115,"fclass":"tertiary","name":"安運道 On Wan Road","ref":" ","oneway":"F","maxspeed":0,"layer":1,"bridge":"F","tunnel":"F"}},{"type":"Feature","id":1579438,"geometry":{"type":"LineString","coordinates":[[114.1832556,22.3049167],[114.1831909,22.304929399999999],[114.18310750000001,22.3049581],[114.1829954,22.305006299999999],[114.18288870000001,22.305070600000001],[114.1828107,22.305116999999999],[114.1827571,22.305204700000001],[114.1827353,22.305257600000001],[114.18273379999999,22.305273100000001],[114.1827327,22.3052843],[114.1827382,22.305309600000001],[114.18280590000001,22.305545599999999]]},"properties":{"FID":1579438,"osm_id":"494706915","code":5115,"fclass":"tertiary","name":"暢通道 Cheong Tung Road","ref":" ","oneway":"F","maxspeed":0,"layer":0,"bridge":"F","tunnel":"F"}},{"type":"Feature","id":1579439,"geometry":{"type":"LineString","coordinates":[[114.18333250000001,22.305888800000002],[114.183396,22.305921999999999],[114.18342939999999,22.305944700000001],[114.1835528,22.3060501],[114.18368649999999,22.306181200000001],[114.18382269999999,22.306281200000001]]},"properties":{"FID":1579439,"osm_id":"494706919","code":5115,"fclass":"tertiary","name":"暢通道 Cheong Tung Road","ref":" ","oneway":"F","maxspeed":0,"layer":0,"bridge":"F","tunnel":"F"}},{"type":"Feature","id":1579449,"geometry":{"type":"LineString","coordinates":[[114.1839904,22.3054956],[114.1837127,22.3051168]]},"properties":{"FID":1579449,"osm_id":"494710210","code":5115,"fclass":"tertiary","name":"紅菱街 Hung Ling Street","ref":" ","oneway":"F","maxspeed":0,"layer":0,"bridge":"F","tunnel":"F"}},{"type":"Feature","id":1585293,"geometry":{"type":"LineString","coordinates":[[114.17959639999999,22.304738],[114.1796038,22.304777300000001],[114.1796064,22.304789700000001],[114.1795984,22.3048064]]},"properties":{"FID":1585293,"osm_id":"496436718","code":5153,"fclass":"footway","name":" ","ref":" ","oneway":"B","maxspeed":0,"layer":1,"bridge":"T","tunnel":"F"}},{"type":"Feature","id":1585294,"geometry":{"type":"LineString","coordinates":[[114.1794289,22.3038311],[114.17974220000001,22.303743000000001],[114.1796873,22.303576]]},"properties":{"FID":1585294,"osm_id":"496436719","code":5153,"fclass":"footway","name":" ","ref":" ","oneway":"B","maxspeed":0,"layer":1,"bridge":"F","tunnel":"F"}},{"type":"Feature","id":1585295,"geometry":{"type":"LineString","coordinates":[[114.18052280000001,22.306079799999999],[114.1805835,22.305925500000001],[114.1805289,22.305754100000001],[114.1805109,22.3056977],[114.18046099999999,22.305541300000002],[114.1804116,22.3053861],[114.18049980000001,22.305358099999999],[114.1804783,22.3052852],[114.18044999999999,22.305189599999999],[114.1804051,22.305038],[114.1803603,22.305010200000002],[114.18031310000001,22.304973],[114.1802508,22.304927800000002],[114.180184,22.3047197],[114.1801088,22.304738700000001]]},"properties":{"FID":1585295,"osm_id":"496436720","code":5153,"fclass":"footway","name":" ","ref":" ","oneway":"B","maxspeed":0,"layer":0,"bridge":"F","tunnel":"F"}},{"type":"Feature","id":1585296,"geometry":{"type":"LineString","coordinates":[[114.1795499,22.304597999999999],[114.1798869,22.304504600000001],[114.17987669999999,22.304473699999999],[114.17981210000001,22.304256200000001],[114.17947890000001,22.304341600000001],[114.1795499,22.304597999999999]]},"properties":{"FID":1585296,"osm_id":"496436721","code":5124,"fclass":"pedestrian","name":"陳瑞球林滿珍伉儷廣場 Chan Sui Kau and Chan Lam Moon Chun Square","ref":" ","oneway":"B","maxspeed":0,"layer":0,"bridge":"F","tunnel":"F"}},{"type":"Feature","id":1585297,"geometry":{"type":"LineString","coordinates":[[114.1808339,22.3032711],[114.1807996,22.303135300000001]]},"properties":{"FID":1585297,"osm_id":"496436722","code":5155,"fclass":"steps","name":" ","ref":" ","oneway":"B","maxspeed":0,"layer":0,"bridge":"F","tunnel":"F"}},{"type":"Feature","id":1612696,"geometry":{"type":"LineString","coordinates":[[114.17829690000001,22.305533700000002],[114.1783047,22.305639899999999],[114.17827250000001,22.305711200000001],[114.178236,22.305760500000002],[114.17817340000001,22.305804599999998]]},"properties":{"FID":1612696,"osm_id":"504109343","code":5114,"fclass":"secondary","name":"漆咸道南 Chatham Road South","ref":" ","oneway":"F","maxspeed":50,"layer":0,"bridge":"F","tunnel":"F"}},{"type":"Feature","id":1649563,"geometry":{"type":"LineString","coordinates":[[114.179363,22.305910699999998],[114.179552,22.305988599999999],[114.17971230000001,22.306098500000001],[114.1796461,22.306051],[114.1798817,22.306232999999999]]},"properties":{"FID":1649563,"osm_id":"514553062","code":5112,"fclass":"trunk","name":"漆咸道北 Chatham Road North","ref":"5","oneway":"F","maxspeed":50,"layer":0,"bridge":"F","tunnel":"F"}},{"type":"Feature","id":1649564,"geometry":{"type":"LineString","coordinates":[[114.1798817,22.306232999999999],[114.1800315,22.3063544],[114.1802402,22.306523599999998],[114.180356,22.3066216]]},"properties":{"FID":1649564,"osm_id":"514553069","code":5112,"fclass":"trunk","name":"漆咸道北 Chatham Road North","ref":"5","oneway":"F","maxspeed":50,"layer":0,"bridge":"F","tunnel":"F"}},{"type":"Feature","id":1649565,"geometry":{"type":"LineString","coordinates":[[114.180356,22.3066216],[114.18056420000001,22.3068326]]},"properties":{"FID":1649565,"osm_id":"514553076","code":5112,"fclass":"trunk","name":"漆咸道北 Chatham Road North","ref":"5","oneway":"F","maxspeed":50,"layer":0,"bridge":"F","tunnel":"F"}},{"type":"Feature","id":1649566,"geometry":{"type":"LineString","coordinates":[[114.180319,22.307760999999999],[114.180285,22.307711000000001],[114.180261,22.307666000000001],[114.180243,22.307614000000001],[114.18023599999999,22.307565],[114.1802404,22.307507600000001],[114.18025400000001,22.307462999999998],[114.180278,22.307411999999999],[114.180308,22.307366999999999],[114.18034,22.307324999999999],[114.18043299999999,22.307220000000001]]},"properties":{"FID":1649566,"osm_id":"514553082","code":5132,"fclass":"trunk_link","name":" ","ref":" ","oneway":"F","maxspeed":50,"layer":0,"bridge":"F","tunnel":"F"}},{"type":"Feature","id":1649567,"geometry":{"type":"LineString","coordinates":[[114.18295740000001,22.308616900000001],[114.1830042,22.308647499999999],[114.18303520000001,22.308667799999998]]},"properties":{"FID":1649567,"osm_id":"514553094","code":5112,"fclass":"trunk","name":"漆咸道北 Chatham Road North","ref":"5","oneway":"F","maxspeed":50,"layer":0,"bridge":"F","tunnel":"F"}},{"type":"Feature","id":1649568,"geometry":{"type":"LineString","coordinates":[[114.18303520000001,22.308667799999998],[114.18338919999999,22.3088886]]},"properties":{"FID":1649568,"osm_id":"514553101","code":5112,"fclass":"trunk","name":"漆咸道北 Chatham Road North","ref":"5","oneway":"F","maxspeed":0,"layer":0,"bridge":"F","tunnel":"F"}},{"type":"Feature","id":1649573,"geometry":{"type":"LineString","coordinates":[[114.18056420000001,22.3068326],[114.1806041,22.306875000000002]]},"properties":{"FID":1649573,"osm_id":"514553132","code":5112,"fclass":"trunk","name":"漆咸道北 Chatham Road North","ref":"5","oneway":"F","maxspeed":50,"layer":0,"bridge":"F","tunnel":"F"}},{"type":"Feature","id":1649594,"geometry":{"type":"LineString","coordinates":[[114.17710289999999,22.3061954],[114.1760682,22.3065511],[114.1753708,22.306774399999998],[114.1737521,22.307274400000001],[114.1732545,22.307471100000001],[114.17300640000001,22.307592],[114.1728327,22.3076975],[114.1725464,22.307901000000001],[114.1723305,22.3080958],[114.17181220000001,22.308697500000001],[114.1716673,22.308866900000002],[114.17153519999999,22.308968]]},"properties":{"FID":1649594,"osm_id":"514558697","code":5112,"fclass":"trunk","name":"加士居道天橋 Gascoigne Road Flyover","ref":"5","oneway":"F","maxspeed":50,"layer":1,"bridge":"T","tunnel":"F"}},{"type":"Feature","id":1656101,"geometry":{"type":"LineString","coordinates":[[114.18077409999999,22.301791000000001],[114.1807859,22.301733800000001],[114.1807752,22.3016021],[114.1807955,22.301546900000002],[114.1808241,22.301474500000001]]},"properties":{"FID":1656101,"osm_id":"516255421","code":5141,"fclass":"service","name":" ","ref":" ","oneway":"F","maxspeed":0,"layer":0,"bridge":"F","tunnel":"F"}},{"type":"Feature","id":1699729,"geometry":{"type":"LineString","coordinates":[[114.17725710000001,22.3029817],[114.1771985,22.302898599999999]]},"properties":{"FID":1699729,"osm_id":"524504184","code":5114,"fclass":"secondary","name":"漆咸道南 Chatham Road South","ref":" ","oneway":"F","maxspeed":0,"layer":0,"bridge":"F","tunnel":"F"}},{"type":"Feature","id":1699730,"geometry":{"type":"LineString","coordinates":[[114.1771828,22.303021900000001],[114.1771682,22.302996799999999],[114.1771483,22.302977299999998],[114.17713070000001,22.3029644],[114.1770822,22.302954700000001]]},"properties":{"FID":1699730,"osm_id":"524504185","code":5134,"fclass":"secondary_link","name":" ","ref":" ","oneway":"F","maxspeed":0,"layer":0,"bridge":"F","tunnel":"F"}},{"type":"Feature","id":1699731,"geometry":{"type":"LineString","coordinates":[[114.1768428,22.302539800000002],[114.1770585,22.3028467],[114.1771176,22.302938600000001]]},"properties":{"FID":1699731,"osm_id":"524504186","code":5134,"fclass":"secondary_link","name":" ","ref":" ","oneway":"F","maxspeed":0,"layer":0,"bridge":"F","tunnel":"F"}},{"type":"Feature","id":1699732,"geometry":{"type":"LineString","coordinates":[[114.1771828,22.303021900000001],[114.17725160000001,22.302984200000001]]},"properties":{"FID":1699732,"osm_id":"524504187","code":5114,"fclass":"secondary","name":"暢運道 Cheong Wan Road","ref":" ","oneway":"F","maxspeed":0,"layer":0,"bridge":"F","tunnel":"F"}},{"type":"Feature","id":1699733,"geometry":{"type":"LineString","coordinates":[[114.17707129999999,22.303069399999998],[114.1771828,22.303021900000001]]},"properties":{"FID":1699733,"osm_id":"524504188","code":5114,"fclass":"secondary","name":"暢運道 Cheong Wan Road","ref":" ","oneway":"F","maxspeed":0,"layer":0,"bridge":"F","tunnel":"F"}},{"type":"Feature","id":1699734,"geometry":{"type":"LineString","coordinates":[[114.1770238,22.3029954],[114.17707129999999,22.303069399999998]]},"properties":{"FID":1699734,"osm_id":"524504189","code":5114,"fclass":"secondary","name":"漆咸道南 Chatham Road South","ref":" ","oneway":"F","maxspeed":70,"layer":0,"bridge":"F","tunnel":"F"}},{"type":"Feature","id":1699735,"geometry":{"type":"LineString","coordinates":[[114.1769152,22.303065799999999],[114.17707129999999,22.303069399999998]]},"properties":{"FID":1699735,"osm_id":"524504190","code":5114,"fclass":"secondary","name":"柯士甸道 Austin Road","ref":" ","oneway":"F","maxspeed":0,"layer":0,"bridge":"F","tunnel":"F"}},{"type":"Feature","id":1699736,"geometry":{"type":"LineString","coordinates":[[114.1770238,22.3029954],[114.1769152,22.303065799999999]]},"properties":{"FID":1699736,"osm_id":"524504194","code":5114,"fclass":"secondary","name":"柯士甸道 Austin Road","ref":" ","oneway":"F","maxspeed":0,"layer":0,"bridge":"F","tunnel":"F"}},{"type":"Feature","id":1710527,"geometry":{"type":"LineString","coordinates":[[114.1761391,22.306422999999999],[114.1759729,22.305991500000001]]},"properties":{"FID":1710527,"osm_id":"526520122","code":5141,"fclass":"service","name":" ","ref":" ","oneway":"B","maxspeed":0,"layer":0,"bridge":"F","tunnel":"F"}},{"type":"Feature","id":1722058,"geometry":{"type":"LineString","coordinates":[[114.1787159,22.309541899999999],[114.17883500000001,22.309360399999999],[114.1790082,22.309096400000001]]},"properties":{"FID":1722058,"osm_id":"528507294","code":5112,"fclass":"trunk","name":"公主道 Princess Margaret Road","ref":"1","oneway":"F","maxspeed":0,"layer":0,"bridge":"F","tunnel":"F"}},{"type":"Feature","id":1815937,"geometry":{"type":"LineString","coordinates":[[114.1775478,22.3012336],[114.1772466,22.3009837],[114.17723820000001,22.300994500000002],[114.1770423,22.300826000000001],[114.17677550000001,22.3005973],[114.17650190000001,22.3008886],[114.17676899999999,22.301107300000002],[114.17728049999999,22.3015401],[114.17743,22.301664899999999],[114.17770969999999,22.301375799999999],[114.1775478,22.3012336]]},"properties":{"FID":1815937,"osm_id":"541462690","code":5153,"fclass":"footway","name":" ","ref":" ","oneway":"B","maxspeed":0,"layer":0,"bridge":"F","tunnel":"F"}},{"type":"Feature","id":1815938,"geometry":{"type":"LineString","coordinates":[[114.1772521,22.301394899999998],[114.1772702,22.301421699999999],[114.1772957,22.301442999999999],[114.1773264,22.301456900000002],[114.1773602,22.301462600000001],[114.1773914,22.301459999999999],[114.1774209,22.301450299999999],[114.17744690000001,22.301434100000002],[114.1774676,22.3014124],[114.1774817,22.3013865],[114.1774884,22.301358199999999],[114.1774872,22.301329200000001],[114.1774782,22.301301500000001],[114.17745739999999,22.301271799999999],[114.17742800000001,22.3012494],[114.1773925,22.301236400000001],[114.17735450000001,22.301234000000001],[114.1773156,22.301243100000001],[114.1772819,22.301263299999999],[114.1772569,22.301292400000001],[114.1772433,22.301327300000001],[114.17724250000001,22.301364400000001],[114.1772521,22.301394899999998]]},"properties":{"FID":1815938,"osm_id":"541462691","code":5153,"fclass":"footway","name":" ","ref":" ","oneway":"B","maxspeed":0,"layer":0,"bridge":"F","tunnel":"F"}},{"type":"Feature","id":1815939,"geometry":{"type":"LineString","coordinates":[[114.17720660000001,22.3010904],[114.17735450000001,22.301234000000001]]},"properties":{"FID":1815939,"osm_id":"541462692","code":5153,"fclass":"footway","name":" ","ref":" ","oneway":"B","maxspeed":0,"layer":0,"bridge":"F","tunnel":"F"}},{"type":"Feature","id":1815940,"geometry":{"type":"LineString","coordinates":[[114.1773602,22.301462600000001],[114.17728049999999,22.3015401],[114.17726469999999,22.3015553]]},"properties":{"FID":1815940,"osm_id":"541462693","code":5153,"fclass":"footway","name":" ","ref":" ","oneway":"B","maxspeed":0,"layer":0,"bridge":"F","tunnel":"F"}},{"type":"Feature","id":1815941,"geometry":{"type":"LineString","coordinates":[[114.1770607,22.301234300000001],[114.17724250000001,22.301364400000001]]},"properties":{"FID":1815941,"osm_id":"541462694","code":5153,"fclass":"footway","name":" ","ref":" ","oneway":"B","maxspeed":0,"layer":0,"bridge":"F","tunnel":"F"}},{"type":"Feature","id":1815942,"geometry":{"type":"LineString","coordinates":[[114.1774782,22.301301500000001],[114.1775478,22.3012336],[114.177565,22.3012108]]},"properties":{"FID":1815942,"osm_id":"541462695","code":5153,"fclass":"footway","name":" ","ref":" ","oneway":"B","maxspeed":0,"layer":0,"bridge":"F","tunnel":"F"}},{"type":"Feature","id":1966246,"geometry":{"type":"LineString","coordinates":[[114.1814531,22.307684999999999],[114.18182109999999,22.307964800000001]]},"properties":{"FID":1966246,"osm_id":"558840482","code":5112,"fclass":"trunk","name":"漆咸道北 Chatham Road North","ref":"5","oneway":"F","maxspeed":50,"layer":0,"bridge":"F","tunnel":"F"}},{"type":"Feature","id":1966247,"geometry":{"type":"LineString","coordinates":[[114.1816438,22.308079800000002],[114.181805,22.308103500000001],[114.18201639999999,22.308168299999998],[114.18228879999999,22.308247900000001]]},"properties":{"FID":1966247,"osm_id":"558840483","code":5132,"fclass":"trunk_link","name":" ","ref":" ","oneway":"F","maxspeed":50,"layer":0,"bridge":"F","tunnel":"F"}},{"type":"Feature","id":1966248,"geometry":{"type":"LineString","coordinates":[[114.1816388,22.314603099999999],[114.18154989999999,22.314580400000001],[114.1814368,22.314577199999999],[114.1814129,22.314576500000001],[114.18108359999999,22.3145065],[114.18104820000001,22.314521299999999],[114.18100130000001,22.3145144],[114.1809308,22.3145214],[114.18086769999999,22.314552500000001],[114.1808065,22.314534500000001],[114.1807311,22.3145475],[114.1806302,22.314603200000001],[114.18055080000001,22.314664400000002],[114.17993010000001,22.315455400000001],[114.1798612,22.315544800000001],[114.1797833,22.315626600000002],[114.1797218,22.3156888],[114.1795994,22.315803500000001],[114.1794946,22.3158843],[114.1794771,22.315929799999999],[114.1794141,22.315953499999999],[114.1793497,22.315975300000002],[114.17931230000001,22.315959299999999],[114.1791291,22.315959899999999],[114.1789923,22.315943099999998],[114.178844,22.315902300000001],[114.17869469999999,22.315824899999999],[114.178194,22.315461500000001],[114.178073,22.315332300000001],[114.17798879999999,22.315225600000002],[114.1779208,22.315081200000002],[114.17787180000001,22.315043500000002],[114.1778468,22.3149759],[114.1778322,22.3149099],[114.1778746,22.3148415],[114.177764,22.314236399999999],[114.17775039999999,22.314101600000001],[114.177747,22.313447100000001],[114.1777463,22.313360500000002],[114.17774729999999,22.312980799999998],[114.1777508,22.312705900000001],[114.1777757,22.3125854],[114.1778058,22.312507100000001],[114.1778666,22.312396499999998],[114.17821259999999,22.311989100000002],[114.178766,22.311311799999999],[114.1789066,22.3111639],[114.1790974,22.310963300000001],[114.17946670000001,22.310655199999999],[114.1795583,22.3105765],[114.179648,22.310491899999999],[114.1800381,22.310043499999999],[114.18030589999999,22.309743000000001],[114.18037579999999,22.309684600000001],[114.180425,22.309641899999999],[114.1808355,22.309381299999998],[114.1809049,22.309315399999999],[114.1809695,22.309212200000001],[114.1810938,22.3091224],[114.1811885,22.309071400000001],[114.18129740000001,22.309015200000001],[114.1815003,22.308944400000001],[114.18169810000001,22.308934300000001],[114.1817858,22.308946800000001],[114.18189030000001,22.308963299999998],[114.1819661,22.309002799999998],[114.1820347,22.309073600000001],[114.1820623,22.309101800000001],[114.1820831,22.309127400000001],[114.1821017,22.3091562],[114.1821455,22.309206100000001],[114.1822148,22.309287999999999],[114.18227570000001,22.309381399999999]]},"properties":{"FID":1966248,"osm_id":"558840485","code":5153,"fclass":"footway","name":" ","ref":" ","oneway":"B","maxspeed":0,"layer":0,"bridge":"F","tunnel":"F"}},{"type":"Feature","id":2029887,"geometry":{"type":"LineString","coordinates":[[114.1798752,22.3039077],[114.17995620000001,22.3041938],[114.1801224,22.304153599999999],[114.1801512,22.304247100000001],[114.1804047,22.304184899999999],[114.18038300000001,22.304111200000001],[114.1802481,22.304141000000001],[114.1802137,22.304008],[114.18021040000001,22.303995100000002],[114.180126,22.303951300000001],[114.17998900000001,22.303880100000001],[114.1798752,22.3039077]]},"properties":{"FID":2029887,"osm_id":"569218715","code":5124,"fclass":"pedestrian","name":" ","ref":" ","oneway":"B","maxspeed":0,"layer":0,"bridge":"F","tunnel":"F"}},{"type":"Feature","id":2029888,"geometry":{"type":"LineString","coordinates":[[114.179368,22.303796899999998],[114.1796954,22.303713900000002],[114.17964619999999,22.3035481],[114.1796283,22.3034876],[114.1796172,22.303450000000002],[114.1795412,22.303193499999999],[114.1792138,22.303276499999999],[114.1792397,22.303365400000001],[114.17928000000001,22.303503800000001],[114.1792904,22.3035383],[114.179368,22.303796899999998]]},"properties":{"FID":2029888,"osm_id":"569218718","code":5124,"fclass":"pedestrian","name":"張鑑泉紀念廣場 Stephen Cheong Kam Chuen Memorial Plaza","ref":" ","oneway":"B","maxspeed":0,"layer":0,"bridge":"F","tunnel":"F"}},{"type":"Feature","id":2055499,"geometry":{"type":"LineString","coordinates":[[114.178541,22.303032200000001],[114.1785725,22.302985199999998],[114.1786431,22.302868],[114.1786924,22.302895199999998],[114.1788774,22.3028467],[114.1789658,22.303147299999999],[114.1786354,22.3032337],[114.1785849,22.3030571],[114.178541,22.303032200000001]]},"properties":{"FID":2055499,"osm_id":"575344540","code":5124,"fclass":"pedestrian","name":"唐炳源廣場 Tang Ping Yuan Square","ref":" ","oneway":"B","maxspeed":0,"layer":1,"bridge":"F","tunnel":"F"}},{"type":"Feature","id":2055500,"geometry":{"type":"LineString","coordinates":[[114.1783351,22.3029704],[114.1783262,22.3029534],[114.17831169999999,22.302940100000001],[114.1782931,22.3029321],[114.17827269999999,22.302930499999999],[114.1782529,22.302935300000001],[114.17823610000001,22.3029461],[114.1782242,22.302961499999999],[114.17821859999999,22.3029796],[114.1781739,22.302990999999999],[114.17769370000001,22.303113199999999],[114.1776346,22.3029072],[114.1779246,22.302831600000001],[114.17809200000001,22.302789499999999],[114.1781304,22.302758600000001],[114.1781573,22.302736199999998],[114.1782111,22.3026917],[114.1784384,22.3028102],[114.17838810000001,22.302891800000001],[114.1783789,22.302906799999999],[114.1784007,22.302917999999998],[114.1784098,22.302951100000001],[114.1783987,22.302953899999999],[114.1783351,22.3029704]]},"properties":{"FID":2055500,"osm_id":"575344541","code":5124,"fclass":"pedestrian","name":"尖沙咀街坊福利會廣場 TST District Kai Fong Welfare Association Square","ref":" ","oneway":"B","maxspeed":0,"layer":0,"bridge":"F","tunnel":"F"}},{"type":"Feature","id":2055511,"geometry":{"type":"LineString","coordinates":[[114.1795499,22.304597999999999],[114.17947580000001,22.30434],[114.1795784,22.304318899999998],[114.1794289,22.3038311],[114.1793536,22.303797700000001],[114.1791679,22.303819600000001],[114.1792088,22.303958300000001],[114.1794244,22.304660699999999],[114.1794392,22.3047057],[114.1794477,22.304739399999999],[114.17946790000001,22.304796199999998],[114.17959500000001,22.304754899999999],[114.179585,22.304720199999998],[114.1797554,22.3046738],[114.1797772,22.304752400000002],[114.17978859999999,22.3047887],[114.1799183,22.3047565],[114.17999500000001,22.3047374],[114.1800994,22.304711399999999],[114.1801088,22.304738700000001],[114.18019169999999,22.3050316],[114.18022190000001,22.305023800000001],[114.1802234,22.305013500000001],[114.1802331,22.3049964],[114.18024699999999,22.3049842],[114.1802739,22.304974900000001],[114.1802903,22.304975200000001],[114.1803074,22.304980100000002],[114.18031310000001,22.304973],[114.1803218,22.3049623],[114.18031360000001,22.3049371],[114.18032460000001,22.304933399999999],[114.1803463,22.304925900000001],[114.1803421,22.304899299999999],[114.1803445,22.3048678],[114.1803539,22.304836999999999],[114.18036840000001,22.304810799999998],[114.18040120000001,22.304776100000002],[114.18046510000001,22.304744899999999],[114.1805275,22.304740299999999],[114.1805743,22.304751499999998],[114.1806251,22.304782400000001],[114.18064769999999,22.304807100000001],[114.18066810000001,22.3048453],[114.18068270000001,22.304841400000001],[114.1805816,22.304525600000002],[114.1802216,22.304627499999999],[114.1802093,22.3045905],[114.18016679999999,22.3046024],[114.1801517,22.304608399999999],[114.1801353,22.3046097],[114.1801255,22.304608200000001],[114.1801147,22.3046042],[114.18010510000001,22.3045981],[114.1800932,22.304583999999998],[114.18008759999999,22.3045665],[114.1800899,22.304547500000002],[114.18010049999999,22.3045303],[114.1801095,22.304523],[114.1800743,22.304529599999999],[114.1800446,22.304538000000001],[114.18001080000001,22.3044358],[114.17987669999999,22.304473699999999],[114.1798869,22.304504600000001],[114.1795499,22.304597999999999]]},"properties":{"FID":2055511,"osm_id":"575357200","code":5124,"fclass":"pedestrian","name":"孫志新紀念廣場 Suen Chi Sun Memorial Square","ref":" ","oneway":"B","maxspeed":0,"layer":0,"bridge":"F","tunnel":"F"}},{"type":"Feature","id":2055512,"geometry":{"type":"LineString","coordinates":[[114.1804652,22.305426300000001],[114.1804752,22.305425100000001],[114.18062159999999,22.305387100000001],[114.1808283,22.305337099999999],[114.18072479999999,22.304998900000001],[114.1803603,22.305092399999999],[114.18035089999999,22.3050657],[114.18032959999999,22.305058500000001],[114.1803128,22.305077799999999],[114.1802934,22.305084999999998],[114.1802725,22.305085600000002],[114.1802527,22.3050797],[114.1802363,22.3050678],[114.1802251,22.305051500000001],[114.1802241,22.305047399999999],[114.1801978,22.305052799999999],[114.1799896,22.305105399999999],[114.1800063,22.305167000000001],[114.1802162,22.3051174],[114.18024370000001,22.305211100000001],[114.1804133,22.305166400000001],[114.18045739999999,22.305320800000001],[114.1804635,22.305347699999999],[114.1804652,22.305426300000001]]},"properties":{"FID":2055512,"osm_id":"575357201","code":5124,"fclass":"pedestrian","name":"林大輝廣場 Lam Tai Fai Amphitheatre","ref":" ","oneway":"B","maxspeed":0,"layer":0,"bridge":"F","tunnel":"F"}},{"type":"Feature","id":2055513,"geometry":{"type":"LineString","coordinates":[[114.1788681,22.3044227],[114.1789218,22.304409100000001],[114.1789248,22.304419200000002],[114.17893309999999,22.3044473],[114.1789599,22.304440499999998],[114.1790531,22.304755],[114.1794244,22.304660699999999],[114.1794392,22.3047057],[114.1794477,22.304739399999999],[114.178996,22.304853999999999],[114.1788681,22.3044227]]},"properties":{"FID":2055513,"osm_id":"575357202","code":5153,"fclass":"footway","name":" ","ref":" ","oneway":"B","maxspeed":0,"layer":0,"bridge":"F","tunnel":"F"}},{"type":"Feature","id":2072023,"geometry":{"type":"LineString","coordinates":[[114.17990039999999,22.305328899999999],[114.1799094,22.3053375],[114.1799443,22.305359599999999],[114.1800708,22.305433499999999],[114.1801804,22.305485000000001],[114.18029369999999,22.305524599999998],[114.1803104,22.3055263]]},"properties":{"FID":2072023,"osm_id":"579938958","code":5153,"fclass":"footway","name":" ","ref":" ","oneway":"B","maxspeed":0,"layer":0,"bridge":"F","tunnel":"F"}},{"type":"Feature","id":2072024,"geometry":{"type":"LineString","coordinates":[[114.17985040000001,22.305154699999999],[114.17995639999999,22.305137200000001],[114.1804051,22.305038]]},"properties":{"FID":2072024,"osm_id":"579938959","code":5153,"fclass":"footway","name":" ","ref":" ","oneway":"B","maxspeed":0,"layer":0,"bridge":"F","tunnel":"F"}},{"type":"Feature","id":2072025,"geometry":{"type":"LineString","coordinates":[[114.1797552,22.304758],[114.1797772,22.304752400000002],[114.1798663,22.304725300000001],[114.1799183,22.3047565]]},"properties":{"FID":2072025,"osm_id":"579938960","code":5153,"fclass":"footway","name":" ","ref":" ","oneway":"B","maxspeed":0,"layer":0,"bridge":"F","tunnel":"F"}},{"type":"Feature","id":2270250,"geometry":{"type":"LineString","coordinates":[[114.18087250000001,22.303584799999999],[114.1807299,22.303241499999999]]},"properties":{"FID":2270250,"osm_id":"630842343","code":5111,"fclass":"motorway","name":"Cross-Harbour Tunnel Approach","ref":"1","oneway":"F","maxspeed":50,"layer":0,"bridge":"F","tunnel":"F"}},{"type":"Feature","id":2358784,"geometry":{"type":"LineString","coordinates":[[114.18091800000001,22.308180100000001],[114.18082579999999,22.308416900000001],[114.1807232,22.3085144],[114.1806347,22.308581400000001],[114.18057829999999,22.308628500000001],[114.1805193,22.308698],[114.1804308,22.3087749],[114.18036909999999,22.3088345],[114.1803235,22.308906400000001],[114.1802297,22.308988299999999],[114.1801626,22.309060299999999],[114.1801116,22.309139699999999],[114.1800258,22.309176900000001],[114.1799561,22.309228999999998],[114.1797844,22.3094176],[114.1796825,22.309489599999999],[114.1796154,22.309544200000001],[114.1795645,22.309638499999998],[114.1794706,22.309772500000001],[114.1793821,22.309844399999999],[114.1792667,22.309951099999999],[114.17911650000001,22.310037999999999],[114.1790634,22.310071499999999],[114.1790161,22.310145299999999],[114.178951,22.310229700000001],[114.1789054,22.310326100000001],[114.178827,22.310407699999999]]},"properties":{"FID":2358784,"osm_id":"654286582","code":5153,"fclass":"footway","name":" ","ref":" ","oneway":"B","maxspeed":0,"layer":0,"bridge":"F","tunnel":"F"}},{"type":"Feature","id":2358785,"geometry":{"type":"LineString","coordinates":[[114.18091800000001,22.308180100000001],[114.181158,22.307908099999999]]},"properties":{"FID":2358785,"osm_id":"654286583","code":5153,"fclass":"footway","name":" ","ref":" ","oneway":"B","maxspeed":0,"layer":-1,"bridge":"F","tunnel":"T"}},{"type":"Feature","id":2358786,"geometry":{"type":"LineString","coordinates":[[114.1810988,22.307962700000001],[114.1811422,22.3079234]]},"properties":{"FID":2358786,"osm_id":"654286584","code":5155,"fclass":"steps","name":" ","ref":" ","oneway":"B","maxspeed":0,"layer":0,"bridge":"F","tunnel":"F"}},{"type":"Feature","id":2358787,"geometry":{"type":"LineString","coordinates":[[114.1811422,22.3079234],[114.18115969999999,22.307915300000001],[114.18124899999999,22.3079058]]},"properties":{"FID":2358787,"osm_id":"654286585","code":5153,"fclass":"footway","name":" ","ref":" ","oneway":"B","maxspeed":0,"layer":0,"bridge":"F","tunnel":"F"}},{"type":"Feature","id":2358788,"geometry":{"type":"LineString","coordinates":[[114.18124899999999,22.3079058],[114.181262,22.3078748],[114.1812628,22.3078103]]},"properties":{"FID":2358788,"osm_id":"654286586","code":5155,"fclass":"steps","name":" ","ref":" ","oneway":"B","maxspeed":0,"layer":0,"bridge":"F","tunnel":"F"}},{"type":"Feature","id":2358789,"geometry":{"type":"LineString","coordinates":[[114.181158,22.307908099999999],[114.181214,22.3078532],[114.1812628,22.3078103],[114.1813128,22.307765],[114.18135239999999,22.3077048]]},"properties":{"FID":2358789,"osm_id":"654286587","code":5153,"fclass":"footway","name":" ","ref":" ","oneway":"B","maxspeed":0,"layer":0,"bridge":"F","tunnel":"F"}},{"type":"Feature","id":2358790,"geometry":{"type":"LineString","coordinates":[[114.1810687,22.307995600000002],[114.1806567,22.308055599999999]]},"properties":{"FID":2358790,"osm_id":"654286588","code":5153,"fclass":"footway","name":" ","ref":" ","oneway":"B","maxspeed":0,"layer":1,"bridge":"T","tunnel":"F"}},{"type":"Feature","id":2358791,"geometry":{"type":"LineString","coordinates":[[114.1806567,22.308055599999999],[114.1804918,22.308000199999999],[114.1804812,22.307982500000001]]},"properties":{"FID":2358791,"osm_id":"654286589","code":5153,"fclass":"footway","name":" ","ref":" ","oneway":"B","maxspeed":0,"layer":0,"bridge":"F","tunnel":"F"}},{"type":"Feature","id":2358792,"geometry":{"type":"LineString","coordinates":[[114.1815857,22.3074789],[114.18161449999999,22.307443299999999],[114.1815667,22.307407000000001],[114.18162049999999,22.3073473]]},"properties":{"FID":2358792,"osm_id":"654286590","code":5155,"fclass":"steps","name":" ","ref":" ","oneway":"B","maxspeed":0,"layer":0,"bridge":"F","tunnel":"F"}},{"type":"Feature","id":2358793,"geometry":{"type":"LineString","coordinates":[[114.1818808,22.3073339],[114.1818785,22.3073215],[114.18184359999999,22.307216700000001],[114.18179000000001,22.3072415],[114.1816855,22.307350899999999],[114.181648,22.307373900000002],[114.18162049999999,22.3073473]]},"properties":{"FID":2358793,"osm_id":"654286591","code":5153,"fclass":"footway","name":" ","ref":" ","oneway":"B","maxspeed":0,"layer":0,"bridge":"F","tunnel":"F"}},{"type":"Feature","id":2358794,"geometry":{"type":"LineString","coordinates":[[114.18195799999999,22.307294800000001],[114.181951,22.3072801]]},"properties":{"FID":2358794,"osm_id":"654286596","code":5153,"fclass":"footway","name":" ","ref":" ","oneway":"B","maxspeed":0,"layer":0,"bridge":"F","tunnel":"F"}},{"type":"Feature","id":2358795,"geometry":{"type":"LineString","coordinates":[[114.181285,22.3072032],[114.18123610000001,22.3071281],[114.1812098,22.3070609],[114.1812066,22.306878999999999],[114.1813556,22.306867100000002]]},"properties":{"FID":2358795,"osm_id":"654286597","code":5153,"fclass":"footway","name":" ","ref":" ","oneway":"B","maxspeed":0,"layer":0,"bridge":"F","tunnel":"F"}},{"type":"Feature","id":2358800,"geometry":{"type":"LineString","coordinates":[[114.1813418,22.307274199999998],[114.181408,22.307338000000001],[114.1815502,22.307452000000001]]},"properties":{"FID":2358800,"osm_id":"654288596","code":5153,"fclass":"footway","name":" ","ref":" ","oneway":"B","maxspeed":0,"layer":1,"bridge":"T","tunnel":"F"}},{"type":"Feature","id":2358801,"geometry":{"type":"LineString","coordinates":[[114.1815502,22.307452000000001],[114.1815857,22.3074789],[114.1816109,22.307498800000001],[114.1818482,22.307686100000002],[114.18269119999999,22.308245899999999],[114.1829942,22.308437000000001],[114.1832271,22.3085609]]},"properties":{"FID":2358801,"osm_id":"654288597","code":5153,"fclass":"footway","name":" ","ref":" ","oneway":"B","maxspeed":0,"layer":0,"bridge":"F","tunnel":"F"}},{"type":"Feature","id":2488191,"geometry":{"type":"LineString","coordinates":[[114.1818085,22.306223500000002],[114.1821487,22.305933899999999],[114.18238839999999,22.305724099999999],[114.1826872,22.3055263]]},"properties":{"FID":2488191,"osm_id":"674226056","code":5113,"fclass":"primary","name":"紅磡繞道 Hung Hom Bypass","ref":" ","oneway":"F","maxspeed":50,"layer":2,"bridge":"T","tunnel":"F"}},{"type":"Feature","id":2523867,"geometry":{"type":"LineString","coordinates":[[114.1773317,22.306366300000001],[114.17729749999999,22.3062842],[114.17721779999999,22.306085400000001],[114.17720300000001,22.306039599999998]]},"properties":{"FID":2523867,"osm_id":"679193167","code":5153,"fclass":"footway","name":" ","ref":" ","oneway":"B","maxspeed":0,"layer":0,"bridge":"F","tunnel":"F"}},{"type":"Feature","id":2523868,"geometry":{"type":"LineString","coordinates":[[114.17687290000001,22.306524899999999],[114.1769298,22.3065009],[114.1770314,22.306522300000001],[114.17709410000001,22.3065392]]},"properties":{"FID":2523868,"osm_id":"679193168","code":5153,"fclass":"footway","name":" ","ref":" ","oneway":"B","maxspeed":0,"layer":0,"bridge":"F","tunnel":"F"}},{"type":"Feature","id":2536002,"geometry":{"type":"LineString","coordinates":[[114.1804497,22.301228500000001],[114.1804765,22.300996300000001]]},"properties":{"FID":2536002,"osm_id":"681882515","code":5111,"fclass":"motorway","name":"Cross-Harbour Tunnel Approach","ref":"1","oneway":"F","maxspeed":50,"layer":0,"bridge":"F","tunnel":"F"}},{"type":"Feature","id":2536004,"geometry":{"type":"LineString","coordinates":[[114.1803429,22.300930300000001],[114.1803244,22.301027900000001],[114.1802502,22.3013449]]},"properties":{"FID":2536004,"osm_id":"681882519","code":5111,"fclass":"motorway","name":"Cross-Harbour Tunnel Approach","ref":"1","oneway":"F","maxspeed":50,"layer":0,"bridge":"F","tunnel":"F"}},{"type":"Feature","id":2581404,"geometry":{"type":"LineString","coordinates":[[114.18080879999999,22.3023959],[114.1808532,22.302364099999998],[114.180854,22.302301]]},"properties":{"FID":2581404,"osm_id":"690119972","code":5153,"fclass":"footway","name":" ","ref":" ","oneway":"B","maxspeed":0,"layer":0,"bridge":"F","tunnel":"F"}},{"type":"Feature","id":2581405,"geometry":{"type":"LineString","coordinates":[[114.1808322,22.3020754],[114.1808422,22.302192099999999],[114.180854,22.302301]]},"properties":{"FID":2581405,"osm_id":"690119973","code":5155,"fclass":"steps","name":" ","ref":" ","oneway":"B","maxspeed":0,"layer":1,"bridge":"T","tunnel":"F"}},{"type":"Feature","id":2581406,"geometry":{"type":"LineString","coordinates":[[114.1811601,22.302226900000001],[114.1811201,22.302053900000001],[114.18111020000001,22.3020152]]},"properties":{"FID":2581406,"osm_id":"690120604","code":5153,"fclass":"footway","name":" ","ref":" ","oneway":"B","maxspeed":0,"layer":1,"bridge":"T","tunnel":"F"}},{"type":"Feature","id":2596163,"geometry":{"type":"LineString","coordinates":[[114.18111949999999,22.302050999999999],[114.18100889999999,22.302053999999998]]},"properties":{"FID":2596163,"osm_id":"693057976","code":5115,"fclass":"tertiary","name":"暢運道 Cheong Wan Road","ref":" ","oneway":"F","maxspeed":0,"layer":1,"bridge":"F","tunnel":"F"}},{"type":"Feature","id":2602669,"geometry":{"type":"LineString","coordinates":[[114.1787874,22.302687599999999],[114.1787795,22.302625500000001],[114.1787525,22.3025342],[114.1787482,22.3025199],[114.17874140000001,22.302494599999999],[114.1787315,22.302459299999999]]},"properties":{"FID":2602669,"osm_id":"694101368","code":5141,"fclass":"service","name":"育才道 Yuk Choi Road","ref":" ","oneway":"B","maxspeed":0,"layer":0,"bridge":"F","tunnel":"F"}},{"type":"Feature","id":2602670,"geometry":{"type":"LineString","coordinates":[[114.1787874,22.302687599999999],[114.1788418,22.302869300000001],[114.1789249,22.303158]]},"properties":{"FID":2602670,"osm_id":"694101369","code":5141,"fclass":"service","name":"育才道 Yuk Choi Road","ref":" ","oneway":"B","maxspeed":0,"layer":0,"bridge":"F","tunnel":"F"}},{"type":"Feature","id":2709440,"geometry":{"type":"LineString","coordinates":[[114.1822258,22.310172699999999],[114.1822224,22.309924800000001],[114.18221320000001,22.309689599999999],[114.18220049999999,22.3095736],[114.18216,22.309502599999998],[114.1820963,22.309420599999999],[114.1820397,22.3093647],[114.1819555,22.309301999999999],[114.18184340000001,22.309266099999999],[114.181658,22.309206400000001],[114.181493,22.309223299999999],[114.1813428,22.309251499999998],[114.18115160000001,22.309345499999999],[114.18074900000001,22.309575299999999]]},"properties":{"FID":2709440,"osm_id":"710596178","code":5153,"fclass":"footway","name":" ","ref":" ","oneway":"B","maxspeed":0,"layer":-1,"bridge":"F","tunnel":"T"}},{"type":"Feature","id":2730391,"geometry":{"type":"LineString","coordinates":[[114.18375690000001,22.301029499999999],[114.1837633,22.301069200000001]]},"properties":{"FID":2730391,"osm_id":"714789790","code":5141,"fclass":"service","name":"都會道 Metropolis Drive","ref":" ","oneway":"B","maxspeed":0,"layer":2,"bridge":"F","tunnel":"F"}},{"type":"Feature","id":2730395,"geometry":{"type":"LineString","coordinates":[[114.1780042,22.3032149],[114.1780392,22.3033152],[114.1781325,22.303641599999999],[114.1781562,22.303678000000001],[114.1782195,22.3037618],[114.1783653,22.303973299999999],[114.1783897,22.304002100000002],[114.1784284,22.304011500000001],[114.1784967,22.303994100000001],[114.1788296,22.303906699999999],[114.1789421,22.303901],[114.1791353,22.303849199999998]]},"properties":{"FID":2730395,"osm_id":"714795550","code":5141,"fclass":"service","name":" ","ref":" ","oneway":"B","maxspeed":0,"layer":0,"bridge":"F","tunnel":"F"}},{"type":"Feature","id":2730924,"geometry":{"type":"LineString","coordinates":[[114.1789249,22.303158],[114.17897240000001,22.3033115]]},"properties":{"FID":2730924,"osm_id":"714970893","code":5141,"fclass":"service","name":"育才道 Yuk Choi Road","ref":" ","oneway":"B","maxspeed":0,"layer":0,"bridge":"F","tunnel":"F"}},{"type":"Feature","id":2730925,"geometry":{"type":"LineString","coordinates":[[114.1801596,22.3034526],[114.1798008,22.303547999999999],[114.1797868,22.303550999999999]]},"properties":{"FID":2730925,"osm_id":"714970894","code":5153,"fclass":"footway","name":" ","ref":" ","oneway":"B","maxspeed":0,"layer":1,"bridge":"F","tunnel":"F"}},{"type":"Feature","id":2730926,"geometry":{"type":"LineString","coordinates":[[114.1797868,22.303550999999999],[114.1796873,22.303576],[114.1796648,22.303487199999999],[114.1796283,22.3034876],[114.1794879,22.303523800000001],[114.17939269999999,22.303477900000001],[114.17928000000001,22.303503800000001],[114.1792568,22.303512600000001]]},"properties":{"FID":2730926,"osm_id":"714970895","code":5153,"fclass":"footway","name":" ","ref":" ","oneway":"B","maxspeed":0,"layer":1,"bridge":"F","tunnel":"F"}},{"type":"Feature","id":2731067,"geometry":{"type":"LineString","coordinates":[[114.1796461,22.306051],[114.179802,22.306288299999999],[114.1798754,22.3063951],[114.1800198,22.306593100000001]]},"properties":{"FID":2731067,"osm_id":"714978313","code":5141,"fclass":"service","name":" ","ref":" ","oneway":"F","maxspeed":0,"layer":0,"bridge":"F","tunnel":"F"}},{"type":"Feature","id":2731068,"geometry":{"type":"LineString","coordinates":[[114.1800198,22.306593100000001],[114.17996410000001,22.306685099999999],[114.1797895,22.3068612],[114.1795645,22.306919199999999]]},"properties":{"FID":2731068,"osm_id":"714978314","code":5141,"fclass":"service","name":" ","ref":" ","oneway":"B","maxspeed":0,"layer":0,"bridge":"F","tunnel":"F"}},{"type":"Feature","id":2731069,"geometry":{"type":"LineString","coordinates":[[114.1800198,22.306593100000001],[114.1800655,22.306522000000001],[114.18010649999999,22.3065003],[114.1801531,22.306493100000001],[114.18019959999999,22.3065012],[114.1802402,22.306523599999998]]},"properties":{"FID":2731069,"osm_id":"714978315","code":5141,"fclass":"service","name":" ","ref":" ","oneway":"F","maxspeed":0,"layer":0,"bridge":"F","tunnel":"F"}},{"type":"Feature","id":2731070,"geometry":{"type":"LineString","coordinates":[[114.1795127,22.307321000000002],[114.17957629999999,22.307487399999999],[114.1795812,22.307927800000002],[114.1796863,22.308219600000001],[114.17988440000001,22.308373499999998]]},"properties":{"FID":2731070,"osm_id":"714978316","code":5141,"fclass":"service","name":" ","ref":" ","oneway":"B","maxspeed":0,"layer":0,"bridge":"F","tunnel":"F"}},{"type":"Feature","id":2731071,"geometry":{"type":"LineString","coordinates":[[114.17988440000001,22.308373499999998],[114.180008,22.308243300000001]]},"properties":{"FID":2731071,"osm_id":"714978317","code":5141,"fclass":"service","name":" ","ref":" ","oneway":"B","maxspeed":0,"layer":0,"bridge":"F","tunnel":"F"}},{"type":"Feature","id":2731072,"geometry":{"type":"LineString","coordinates":[[114.17988440000001,22.308373499999998],[114.1796744,22.308613600000001],[114.17980230000001,22.3087096]]},"properties":{"FID":2731072,"osm_id":"714978318","code":5141,"fclass":"service","name":" ","ref":" ","oneway":"B","maxspeed":0,"layer":0,"bridge":"F","tunnel":"F"}},{"type":"Feature","id":2755435,"geometry":{"type":"LineString","coordinates":[[114.17752040000001,22.3030291],[114.17750580000001,22.3031042],[114.17753329999999,22.303177399999999],[114.177587,22.3032562],[114.17781429999999,22.3034721],[114.1779135,22.3036043],[114.17811399999999,22.3038183],[114.1781998,22.3039542],[114.17827490000001,22.304097500000001],[114.1783346,22.3043145],[114.1785649,22.305134200000001],[114.17868730000001,22.3053463],[114.1788275,22.305458399999999],[114.1789828,22.305527699999999],[114.1792145,22.305562299999998],[114.1794082,22.305608400000001],[114.17958059999999,22.3056619],[114.1798591,22.3057962],[114.179879,22.305805800000002],[114.1803055,22.306128300000001],[114.18047439999999,22.306222699999999],[114.1804757,22.306205899999998],[114.1805052,22.3061191]]},"properties":{"FID":2755435,"osm_id":"722400084","code":5153,"fclass":"footway","name":" ","ref":" ","oneway":"B","maxspeed":0,"layer":0,"bridge":"F","tunnel":"F"}},{"type":"Feature","id":2764276,"geometry":{"type":"LineString","coordinates":[[114.18228879999999,22.308247900000001],[114.1824895,22.3083527]]},"properties":{"FID":2764276,"osm_id":"723795990","code":5112,"fclass":"trunk","name":"漆咸道北 Chatham Road North","ref":"5","oneway":"F","maxspeed":50,"layer":0,"bridge":"F","tunnel":"F"}},{"type":"Feature","id":2765782,"geometry":{"type":"LineString","coordinates":[[114.1795833,22.306373000000001],[114.1798678,22.305633]]},"properties":{"FID":2765782,"osm_id":"724093928","code":5153,"fclass":"footway","name":"主校園–Z座行人天橋 Main Campus–Block Z Footbridge","ref":" ","oneway":"B","maxspeed":0,"layer":3,"bridge":"T","tunnel":"F"}},{"type":"Feature","id":2780624,"geometry":{"type":"LineString","coordinates":[[114.181158,22.303461599999999],[114.1813183,22.3034523],[114.1813183,22.3035049],[114.1813688,22.303501799999999],[114.1813982,22.303500100000001],[114.181569,22.3034897],[114.18239680000001,22.3034395],[114.1824775,22.303434599999999],[114.1827066,22.3034207],[114.1829726,22.303902799999999]]},"properties":{"FID":2780624,"osm_id":"727724960","code":5153,"fclass":"footway","name":" ","ref":" ","oneway":"B","maxspeed":0,"layer":1,"bridge":"T","tunnel":"F"}},{"type":"Feature","id":2780625,"geometry":{"type":"LineString","coordinates":[[114.1813183,22.3034523],[114.1811601,22.302226900000001],[114.18153479999999,22.301961599999998],[114.18177799999999,22.301789400000001]]},"properties":{"FID":2780625,"osm_id":"727724961","code":5153,"fclass":"footway","name":" ","ref":" ","oneway":"B","maxspeed":0,"layer":1,"bridge":"T","tunnel":"F"}},{"type":"Feature","id":2780626,"geometry":{"type":"LineString","coordinates":[[114.1811601,22.302226900000001],[114.1810584,22.300947799999999]]},"properties":{"FID":2780626,"osm_id":"727724962","code":5153,"fclass":"footway","name":" ","ref":" ","oneway":"B","maxspeed":0,"layer":0,"bridge":"F","tunnel":"F"}},{"type":"Feature","id":2780627,"geometry":{"type":"LineString","coordinates":[[114.1796561,22.304852400000001],[114.17946739999999,22.305067099999999],[114.1794376,22.3050961]]},"properties":{"FID":2780627,"osm_id":"727724970","code":5153,"fclass":"footway","name":" ","ref":" ","oneway":"B","maxspeed":0,"layer":0,"bridge":"F","tunnel":"F"}},{"type":"Feature","id":2780628,"geometry":{"type":"LineString","coordinates":[[114.18020490000001,22.305039900000001],[114.1805835,22.305925500000001]]},"properties":{"FID":2780628,"osm_id":"727724971","code":5153,"fclass":"footway","name":" ","ref":" ","oneway":"B","maxspeed":0,"layer":1,"bridge":"T","tunnel":"F"}},{"type":"Feature","id":2781528,"geometry":{"type":"LineString","coordinates":[[114.1813688,22.303501799999999],[114.1813982,22.303500100000001],[114.18141060000001,22.3037022]]},"properties":{"FID":2781528,"osm_id":"727945178","code":5154,"fclass":"path","name":" ","ref":" ","oneway":"B","maxspeed":0,"layer":1,"bridge":"T","tunnel":"F"}},{"type":"Feature","id":2781529,"geometry":{"type":"LineString","coordinates":[[114.18166189999999,22.303857399999998],[114.18163629999999,22.303687799999999]]},"properties":{"FID":2781529,"osm_id":"727945179","code":5153,"fclass":"footway","name":" ","ref":" ","oneway":"B","maxspeed":0,"layer":0,"bridge":"F","tunnel":"F"}},{"type":"Feature","id":2781530,"geometry":{"type":"LineString","coordinates":[[114.181569,22.3034897],[114.18163629999999,22.303687799999999]]},"properties":{"FID":2781530,"osm_id":"727945180","code":5153,"fclass":"footway","name":" ","ref":" ","oneway":"B","maxspeed":0,"layer":1,"bridge":"T","tunnel":"F"}},{"type":"Feature","id":2781531,"geometry":{"type":"LineString","coordinates":[[114.1811601,22.302226900000001],[114.1822672,22.302135700000001],[114.1823335,22.302130300000002]]},"properties":{"FID":2781531,"osm_id":"727945181","code":5153,"fclass":"footway","name":" ","ref":" ","oneway":"B","maxspeed":0,"layer":1,"bridge":"T","tunnel":"F"}},{"type":"Feature","id":2781532,"geometry":{"type":"LineString","coordinates":[[114.1824775,22.303434599999999],[114.18247169999999,22.303382299999999],[114.1824403,22.303097900000001],[114.18239149999999,22.302655900000001],[114.1823335,22.302130300000002]]},"properties":{"FID":2781532,"osm_id":"727945182","code":5153,"fclass":"footway","name":" ","ref":" ","oneway":"B","maxspeed":0,"layer":1,"bridge":"T","tunnel":"F"}},{"type":"Feature","id":2781533,"geometry":{"type":"LineString","coordinates":[[114.18240520000001,22.3034778],[114.18239680000001,22.3034395]]},"properties":{"FID":2781533,"osm_id":"727945183","code":5153,"fclass":"footway","name":" ","ref":" ","oneway":"B","maxspeed":0,"layer":1,"bridge":"T","tunnel":"F"}},{"type":"Feature","id":2781534,"geometry":{"type":"LineString","coordinates":[[114.18247169999999,22.303382299999999],[114.18243320000001,22.303385899999999]]},"properties":{"FID":2781534,"osm_id":"727945184","code":5153,"fclass":"footway","name":" ","ref":" ","oneway":"B","maxspeed":0,"layer":1,"bridge":"T","tunnel":"F"}},{"type":"Feature","id":2781535,"geometry":{"type":"LineString","coordinates":[[114.1824403,22.303097900000001],[114.1824036,22.3031015]]},"properties":{"FID":2781535,"osm_id":"727945185","code":5153,"fclass":"footway","name":" ","ref":" ","oneway":"B","maxspeed":0,"layer":1,"bridge":"T","tunnel":"F"}},{"type":"Feature","id":2781536,"geometry":{"type":"LineString","coordinates":[[114.18249230000001,22.302647799999999],[114.18239149999999,22.302655900000001],[114.18235749999999,22.3026579]]},"properties":{"FID":2781536,"osm_id":"727945186","code":5153,"fclass":"footway","name":" ","ref":" ","oneway":"B","maxspeed":0,"layer":1,"bridge":"T","tunnel":"F"}},{"type":"Feature","id":2781537,"geometry":{"type":"LineString","coordinates":[[114.1822672,22.302135700000001],[114.1822442,22.301872800000002]]},"properties":{"FID":2781537,"osm_id":"727945187","code":5153,"fclass":"footway","name":" ","ref":" ","oneway":"B","maxspeed":0,"layer":1,"bridge":"T","tunnel":"F"}},{"type":"Feature","id":2781538,"geometry":{"type":"LineString","coordinates":[[114.1815914,22.301861899999999],[114.18153479999999,22.301961599999998]]},"properties":{"FID":2781538,"osm_id":"727945188","code":5153,"fclass":"footway","name":" ","ref":" ","oneway":"B","maxspeed":0,"layer":1,"bridge":"T","tunnel":"F"}},{"type":"Feature","id":2789257,"geometry":{"type":"LineString","coordinates":[[114.1798635,22.305486500000001],[114.1798312,22.305448999999999],[114.1799094,22.3053375]]},"properties":{"FID":2789257,"osm_id":"729607354","code":5153,"fclass":"footway","name":" ","ref":" ","oneway":"B","maxspeed":0,"layer":0,"bridge":"F","tunnel":"F"}},{"type":"Feature","id":2794190,"geometry":{"type":"LineString","coordinates":[[114.1793888,22.306358599999999],[114.1795128,22.3060647]]},"properties":{"FID":2794190,"osm_id":"730657452","code":5153,"fclass":"footway","name":" ","ref":" ","oneway":"B","maxspeed":0,"layer":0,"bridge":"F","tunnel":"F"}},{"type":"Feature","id":2811399,"geometry":{"type":"LineString","coordinates":[[114.18373200000001,22.304601999999999],[114.18359270000001,22.304532900000002]]},"properties":{"FID":2811399,"osm_id":"733820757","code":5141,"fclass":"service","name":" ","ref":" ","oneway":"B","maxspeed":0,"layer":0,"bridge":"F","tunnel":"F"}},{"type":"Feature","id":2811400,"geometry":{"type":"LineString","coordinates":[[114.18373200000001,22.304601999999999],[114.1838731,22.304468499999999],[114.1840212,22.3042315],[114.184096,22.304066800000001],[114.18418800000001,22.303782999999999]]},"properties":{"FID":2811400,"osm_id":"733820758","code":5115,"fclass":"tertiary","name":"暢通道南 Cheong Tung Road South","ref":" ","oneway":"B","maxspeed":0,"layer":0,"bridge":"F","tunnel":"F"}},{"type":"Feature","id":2828449,"geometry":{"type":"LineString","coordinates":[[114.18080879999999,22.3023959],[114.180764,22.3023883],[114.1807295,22.302310299999998],[114.1806591,22.3022168],[114.18057829999999,22.301789599999999],[114.1805968,22.3017869],[114.18065439999999,22.301786100000001]]},"properties":{"FID":2828449,"osm_id":"737786126","code":5153,"fclass":"footway","name":" ","ref":" ","oneway":"B","maxspeed":0,"layer":0,"bridge":"F","tunnel":"F"}},{"type":"Feature","id":2868500,"geometry":{"type":"LineString","coordinates":[[114.1839573,22.3087053],[114.1839592,22.3088421],[114.183921,22.308842500000001],[114.1839212,22.308858799999999]]},"properties":{"FID":2868500,"osm_id":"746880834","code":5155,"fclass":"steps","name":" ","ref":" ","oneway":"B","maxspeed":0,"layer":0,"bridge":"F","tunnel":"F"}},{"type":"Feature","id":2868501,"geometry":{"type":"LineString","coordinates":[[114.1840735,22.308464399999998],[114.184155,22.3085536],[114.1839573,22.3087053]]},"properties":{"FID":2868501,"osm_id":"746880835","code":5153,"fclass":"footway","name":" ","ref":" ","oneway":"B","maxspeed":0,"layer":0,"bridge":"F","tunnel":"F"}},{"type":"Feature","id":2874265,"geometry":{"type":"LineString","coordinates":[[114.1804527,22.303955899999998],[114.1802137,22.304008]]},"properties":{"FID":2874265,"osm_id":"749172201","code":5155,"fclass":"steps","name":" ","ref":" ","oneway":"B","maxspeed":0,"layer":0,"bridge":"F","tunnel":"F"}},{"type":"Feature","id":2874266,"geometry":{"type":"LineString","coordinates":[[114.1801571,22.303881400000002],[114.180126,22.303951300000001]]},"properties":{"FID":2874266,"osm_id":"749172202","code":5155,"fclass":"steps","name":" ","ref":" ","oneway":"B","maxspeed":0,"layer":0,"bridge":"F","tunnel":"F"}},{"type":"Feature","id":2874267,"geometry":{"type":"LineString","coordinates":[[114.18027650000001,22.3036514],[114.18029129999999,22.303658200000001],[114.180306,22.3036663],[114.18026450000001,22.3037408],[114.18032890000001,22.303949200000002],[114.180239,22.303972699999999],[114.1802108,22.3038785],[114.18017999999999,22.303885999999999],[114.1801571,22.303881400000002],[114.1801438,22.3038685],[114.1801303,22.3038338],[114.18002439999999,22.303859899999999],[114.1799949,22.303778000000001],[114.1802309,22.303719699999998],[114.18027650000001,22.3036514]]},"properties":{"FID":2874267,"osm_id":"749172203","code":5153,"fclass":"footway","name":" ","ref":" ","oneway":"B","maxspeed":0,"layer":0,"bridge":"F","tunnel":"F"}},{"type":"Feature","id":2874268,"geometry":{"type":"LineString","coordinates":[[114.1803828,22.303508699999998],[114.18029129999999,22.303658200000001]]},"properties":{"FID":2874268,"osm_id":"749172204","code":5155,"fclass":"steps","name":" ","ref":" ","oneway":"B","maxspeed":0,"layer":0,"bridge":"F","tunnel":"F"}},{"type":"Feature","id":2874269,"geometry":{"type":"LineString","coordinates":[[114.17917300000001,22.303970799999998],[114.1792088,22.303958300000001]]},"properties":{"FID":2874269,"osm_id":"749173705","code":5141,"fclass":"service","name":" ","ref":" ","oneway":"B","maxspeed":0,"layer":0,"bridge":"F","tunnel":"F"}},{"type":"Feature","id":2875533,"geometry":{"type":"LineString","coordinates":[[114.1804199,22.303525700000002],[114.1804368,22.3035827]]},"properties":{"FID":2875533,"osm_id":"749320731","code":5153,"fclass":"footway","name":" ","ref":" ","oneway":"B","maxspeed":0,"layer":1,"bridge":"T","tunnel":"F"}},{"type":"Feature","id":2875561,"geometry":{"type":"LineString","coordinates":[[114.176503,22.308362500000001],[114.1766075,22.308389099999999]]},"properties":{"FID":2875561,"osm_id":"749323111","code":5141,"fclass":"service","name":" ","ref":" ","oneway":"B","maxspeed":0,"layer":0,"bridge":"F","tunnel":"F"}},{"type":"Feature","id":2875562,"geometry":{"type":"LineString","coordinates":[[114.1795128,22.3060647],[114.17951909999999,22.306052900000001]]},"properties":{"FID":2875562,"osm_id":"749323113","code":5153,"fclass":"footway","name":" ","ref":" ","oneway":"B","maxspeed":0,"layer":0,"bridge":"F","tunnel":"F"}},{"type":"Feature","id":2875563,"geometry":{"type":"LineString","coordinates":[[114.1790673,22.3036247],[114.17897240000001,22.3033115]]},"properties":{"FID":2875563,"osm_id":"749323114","code":5141,"fclass":"service","name":"育才道 Yuk Choi Road","ref":" ","oneway":"B","maxspeed":0,"layer":0,"bridge":"F","tunnel":"F"}},{"type":"Feature","id":2875564,"geometry":{"type":"LineString","coordinates":[[114.179124,22.303813300000002],[114.17911429999999,22.303781099999998],[114.1790673,22.3036247]]},"properties":{"FID":2875564,"osm_id":"749323115","code":5141,"fclass":"service","name":"育才道 Yuk Choi Road","ref":" ","oneway":"B","maxspeed":0,"layer":0,"bridge":"F","tunnel":"F"}},{"type":"Feature","id":2875568,"geometry":{"type":"LineString","coordinates":[[114.17834499999999,22.3018131],[114.1782867,22.301634100000001]]},"properties":{"FID":2875568,"osm_id":"749325696","code":5141,"fclass":"service","name":" ","ref":" ","oneway":"F","maxspeed":0,"layer":0,"bridge":"F","tunnel":"F"}},{"type":"Feature","id":2875569,"geometry":{"type":"LineString","coordinates":[[114.1785114,22.302089599999999],[114.1784413,22.302109300000001]]},"properties":{"FID":2875569,"osm_id":"749325697","code":5141,"fclass":"service","name":" ","ref":" ","oneway":"F","maxspeed":0,"layer":0,"bridge":"F","tunnel":"F"}},{"type":"Feature","id":2875570,"geometry":{"type":"LineString","coordinates":[[114.1770423,22.300826000000001],[114.1769736,22.300895199999999],[114.17683030000001,22.301039599999999],[114.17676899999999,22.301107300000002]]},"properties":{"FID":2875570,"osm_id":"749325701","code":5153,"fclass":"footway","name":" ","ref":" ","oneway":"B","maxspeed":0,"layer":0,"bridge":"F","tunnel":"F"}},{"type":"Feature","id":2878855,"geometry":{"type":"LineString","coordinates":[[114.1802242,22.305351300000002],[114.1804783,22.3052852]]},"properties":{"FID":2878855,"osm_id":"750331500","code":5155,"fclass":"steps","name":" ","ref":" ","oneway":"B","maxspeed":0,"layer":0,"bridge":"F","tunnel":"F"}},{"type":"Feature","id":2878856,"geometry":{"type":"LineString","coordinates":[[114.18044999999999,22.305189599999999],[114.18019320000001,22.305258299999998]]},"properties":{"FID":2878856,"osm_id":"750331501","code":5155,"fclass":"steps","name":" ","ref":" ","oneway":"B","maxspeed":0,"layer":0,"bridge":"F","tunnel":"F"}},{"type":"Feature","id":2878859,"geometry":{"type":"LineString","coordinates":[[114.1799183,22.3047565],[114.17991910000001,22.304756900000001],[114.17995449999999,22.3047769],[114.18003040000001,22.304759000000001]]},"properties":{"FID":2878859,"osm_id":"750331506","code":5153,"fclass":"footway","name":" ","ref":" ","oneway":"B","maxspeed":0,"layer":0,"bridge":"F","tunnel":"F"}},{"type":"Feature","id":2878860,"geometry":{"type":"LineString","coordinates":[[114.17999500000001,22.3047374],[114.1797821,22.3046124],[114.17970219999999,22.304633299999999],[114.1795374,22.304676400000002],[114.17951069999999,22.304683399999998],[114.1794979,22.304687300000001],[114.1794392,22.3047057]]},"properties":{"FID":2878860,"osm_id":"750331507","code":5153,"fclass":"footway","name":" ","ref":" ","oneway":"B","maxspeed":0,"layer":0,"bridge":"F","tunnel":"F"}},{"type":"Feature","id":2878861,"geometry":{"type":"LineString","coordinates":[[114.1801088,22.304738700000001],[114.18003040000001,22.304759000000001],[114.17999500000001,22.3047374]]},"properties":{"FID":2878861,"osm_id":"750331508","code":5153,"fclass":"footway","name":" ","ref":" ","oneway":"B","maxspeed":0,"layer":0,"bridge":"F","tunnel":"F"}},{"type":"Feature","id":2878862,"geometry":{"type":"LineString","coordinates":[[114.1792559,22.304236899999999],[114.17917300000001,22.303970799999998],[114.1791353,22.303849199999998],[114.179124,22.303813300000002]]},"properties":{"FID":2878862,"osm_id":"750331509","code":5141,"fclass":"service","name":"育才道 Yuk Choi Road","ref":" ","oneway":"B","maxspeed":0,"layer":0,"bridge":"F","tunnel":"F"}},{"type":"Feature","id":2878863,"geometry":{"type":"LineString","coordinates":[[114.1796561,22.304852400000001],[114.1795549,22.304751100000001],[114.1794979,22.304687300000001],[114.1794719,22.3046595],[114.17934769999999,22.304532300000002],[114.1792559,22.304236899999999]]},"properties":{"FID":2878863,"osm_id":"750331510","code":5141,"fclass":"service","name":"育才道 Yuk Choi Road","ref":" ","oneway":"B","maxspeed":0,"layer":0,"bridge":"F","tunnel":"T"}},{"type":"Feature","id":2878864,"geometry":{"type":"LineString","coordinates":[[114.1804199,22.303525700000002],[114.18055440000001,22.303483]]},"properties":{"FID":2878864,"osm_id":"750331511","code":5153,"fclass":"footway","name":" ","ref":" ","oneway":"B","maxspeed":0,"layer":1,"bridge":"T","tunnel":"F"}},{"type":"Feature","id":2878865,"geometry":{"type":"LineString","coordinates":[[114.1807996,22.303135300000001],[114.18069,22.302668000000001]]},"properties":{"FID":2878865,"osm_id":"750331512","code":5153,"fclass":"footway","name":" ","ref":" ","oneway":"B","maxspeed":0,"layer":0,"bridge":"F","tunnel":"F"}},{"type":"Feature","id":2878866,"geometry":{"type":"LineString","coordinates":[[114.17818699999999,22.305710900000001],[114.1782089,22.305693999999999],[114.178228,22.305674199999999],[114.1782436,22.3056521],[114.1782554,22.305627999999999],[114.1782633,22.305602499999999],[114.17826700000001,22.305576299999998]]},"properties":{"FID":2878866,"osm_id":"750331513","code":5153,"fclass":"footway","name":" ","ref":" ","oneway":"B","maxspeed":0,"layer":0,"bridge":"F","tunnel":"F"}},{"type":"Feature","id":2878867,"geometry":{"type":"LineString","coordinates":[[114.17826700000001,22.305576299999998],[114.1782201,22.3054013],[114.17806419999999,22.3046966],[114.1778887,22.303852800000001]]},"properties":{"FID":2878867,"osm_id":"750331514","code":5153,"fclass":"footway","name":" ","ref":" ","oneway":"B","maxspeed":0,"layer":0,"bridge":"F","tunnel":"F"}},{"type":"Feature","id":2878868,"geometry":{"type":"LineString","coordinates":[[114.1781737,22.307782499999998],[114.17819110000001,22.3077112]]},"properties":{"FID":2878868,"osm_id":"750331515","code":5155,"fclass":"steps","name":" ","ref":" ","oneway":"B","maxspeed":0,"layer":0,"bridge":"F","tunnel":"F"}},{"type":"Feature","id":2878869,"geometry":{"type":"LineString","coordinates":[[114.1781996,22.307866400000002],[114.1781804,22.307829000000002],[114.17816089999999,22.307824700000001],[114.1781737,22.307782499999998]]},"properties":{"FID":2878869,"osm_id":"750331516","code":5153,"fclass":"footway","name":" ","ref":" ","oneway":"B","maxspeed":0,"layer":0,"bridge":"F","tunnel":"F"}},{"type":"Feature","id":2878870,"geometry":{"type":"LineString","coordinates":[[114.17819110000001,22.3077112],[114.17823540000001,22.307548600000001],[114.178226,22.3074853],[114.178293,22.307222299999999],[114.1783083,22.3072132]]},"properties":{"FID":2878870,"osm_id":"750331517","code":5153,"fclass":"footway","name":" ","ref":" ","oneway":"B","maxspeed":0,"layer":0,"bridge":"F","tunnel":"F"}},{"type":"Feature","id":2878871,"geometry":{"type":"LineString","coordinates":[[114.1783083,22.3072132],[114.1783373,22.3072002],[114.1783174,22.307162300000002]]},"properties":{"FID":2878871,"osm_id":"750331518","code":5155,"fclass":"steps","name":" ","ref":" ","oneway":"B","maxspeed":0,"layer":0,"bridge":"F","tunnel":"F"}},{"type":"Feature","id":2878872,"geometry":{"type":"LineString","coordinates":[[114.1788317,22.306846799999999],[114.178753,22.306863700000001],[114.1786565,22.306606899999998],[114.1786456,22.306594199999999],[114.178631,22.306585200000001],[114.178617,22.3065812],[114.17860229999999,22.306580799999999],[114.1785881,22.3065839]]},"properties":{"FID":2878872,"osm_id":"750331519","code":5153,"fclass":"footway","name":" ","ref":" ","oneway":"B","maxspeed":0,"layer":0,"bridge":"F","tunnel":"F"}},{"type":"Feature","id":2878873,"geometry":{"type":"LineString","coordinates":[[114.1780818,22.306621799999999],[114.1781232,22.3066456],[114.1781675,22.3066645],[114.1782139,22.306678300000002],[114.1782618,22.306686599999999],[114.17831049999999,22.3066894],[114.17837179999999,22.306685000000002],[114.1784316,22.3066718],[114.1784885,22.3066502],[114.1785411,22.3066207],[114.1785881,22.3065839]]},"properties":{"FID":2878873,"osm_id":"750331520","code":5153,"fclass":"footway","name":" ","ref":" ","oneway":"B","maxspeed":0,"layer":0,"bridge":"F","tunnel":"F"}},{"type":"Feature","id":2878874,"geometry":{"type":"LineString","coordinates":[[114.17803360000001,22.306591699999998],[114.1780818,22.306621799999999]]},"properties":{"FID":2878874,"osm_id":"750331521","code":5153,"fclass":"footway","name":" ","ref":" ","oneway":"B","maxspeed":0,"layer":0,"bridge":"F","tunnel":"F"}},{"type":"Feature","id":2878875,"geometry":{"type":"LineString","coordinates":[[114.1778284,22.3062328],[114.1778679,22.306230299999999]]},"properties":{"FID":2878875,"osm_id":"750331522","code":5155,"fclass":"steps","name":" ","ref":" ","oneway":"B","maxspeed":0,"layer":0,"bridge":"F","tunnel":"F"}},{"type":"Feature","id":2878876,"geometry":{"type":"LineString","coordinates":[[114.17782579999999,22.306170699999999],[114.1778284,22.3062328]]},"properties":{"FID":2878876,"osm_id":"750331523","code":5153,"fclass":"footway","name":" ","ref":" ","oneway":"B","maxspeed":0,"layer":0,"bridge":"F","tunnel":"F"}},{"type":"Feature","id":2878877,"geometry":{"type":"LineString","coordinates":[[114.1780704,22.306625499999999],[114.17803360000001,22.306591699999998],[114.1780012,22.306554299999998],[114.17797349999999,22.3065137],[114.1779511,22.306470399999998],[114.17793380000001,22.306424199999999],[114.1779224,22.306376400000001],[114.1779171,22.306327700000001],[114.17791800000001,22.3062255],[114.1778679,22.306230299999999]]},"properties":{"FID":2878877,"osm_id":"750331524","code":5153,"fclass":"footway","name":" ","ref":" ","oneway":"B","maxspeed":0,"layer":0,"bridge":"F","tunnel":"F"}},{"type":"Feature","id":2878878,"geometry":{"type":"LineString","coordinates":[[114.178129,22.306701100000002],[114.1780704,22.306625499999999]]},"properties":{"FID":2878878,"osm_id":"750331525","code":5155,"fclass":"steps","name":" ","ref":" ","oneway":"B","maxspeed":0,"layer":0,"bridge":"F","tunnel":"F"}},{"type":"Feature","id":2878879,"geometry":{"type":"LineString","coordinates":[[114.1791657,22.306028099999999],[114.1791487,22.3059729],[114.17914500000001,22.305951799999999]]},"properties":{"FID":2878879,"osm_id":"750331526","code":5153,"fclass":"footway","name":" ","ref":" ","oneway":"B","maxspeed":0,"layer":0,"bridge":"F","tunnel":"F"}},{"type":"Feature","id":2878880,"geometry":{"type":"LineString","coordinates":[[114.17894200000001,22.302484],[114.1789797,22.3026175],[114.17894920000001,22.302634099999999]]},"properties":{"FID":2878880,"osm_id":"750331527","code":5155,"fclass":"steps","name":" ","ref":" ","oneway":"B","maxspeed":0,"layer":0,"bridge":"F","tunnel":"F"}},{"type":"Feature","id":2878881,"geometry":{"type":"LineString","coordinates":[[114.1780569,22.302728699999999],[114.1782475,22.3026278],[114.1782875,22.302614999999999],[114.17837350000001,22.3025868],[114.17874140000001,22.302494599999999],[114.17890730000001,22.3024752],[114.1789237,22.302484799999998],[114.17894200000001,22.302484],[114.1791661,22.302474199999999],[114.17921370000001,22.302466200000001],[114.1793639,22.302487599999999]]},"properties":{"FID":2878881,"osm_id":"750331528","code":5153,"fclass":"footway","name":" ","ref":" ","oneway":"B","maxspeed":0,"layer":0,"bridge":"F","tunnel":"F"}},{"type":"Feature","id":2878882,"geometry":{"type":"LineString","coordinates":[[114.1780569,22.302728699999999],[114.1781304,22.302758600000001]]},"properties":{"FID":2878882,"osm_id":"750331529","code":5155,"fclass":"steps","name":" ","ref":" ","oneway":"B","maxspeed":0,"layer":0,"bridge":"F","tunnel":"F"}},{"type":"Feature","id":2878883,"geometry":{"type":"LineString","coordinates":[[114.1798663,22.304725300000001],[114.17970219999999,22.304633299999999]]},"properties":{"FID":2878883,"osm_id":"750331530","code":5153,"fclass":"footway","name":" ","ref":" ","oneway":"B","maxspeed":0,"layer":0,"bridge":"F","tunnel":"F"}},{"type":"Feature","id":2878884,"geometry":{"type":"LineString","coordinates":[[114.17961200000001,22.305263799999999],[114.1796397,22.305234800000001],[114.17972,22.305150900000001],[114.1797347,22.3050715]]},"properties":{"FID":2878884,"osm_id":"750331531","code":5153,"fclass":"footway","name":" ","ref":" ","oneway":"B","maxspeed":0,"layer":0,"bridge":"F","tunnel":"F"}},{"type":"Feature","id":2878885,"geometry":{"type":"LineString","coordinates":[[114.1797419,22.305302900000001],[114.1796397,22.305234800000001]]},"properties":{"FID":2878885,"osm_id":"750331532","code":5155,"fclass":"steps","name":" ","ref":" ","oneway":"B","maxspeed":0,"layer":0,"bridge":"F","tunnel":"F"}},{"type":"Feature","id":2878886,"geometry":{"type":"LineString","coordinates":[[114.1798196,22.305282399999999],[114.1798447,22.305272500000001]]},"properties":{"FID":2878886,"osm_id":"750331533","code":5155,"fclass":"steps","name":" ","ref":" ","oneway":"B","maxspeed":0,"layer":0,"bridge":"F","tunnel":"F"}},{"type":"Feature","id":2878887,"geometry":{"type":"LineString","coordinates":[[114.1798447,22.305272500000001],[114.179867,22.305266799999998]]},"properties":{"FID":2878887,"osm_id":"750331534","code":5153,"fclass":"footway","name":" ","ref":" ","oneway":"B","maxspeed":0,"layer":0,"bridge":"F","tunnel":"F"}},{"type":"Feature","id":2878888,"geometry":{"type":"LineString","coordinates":[[114.1798524,22.305231500000001],[114.1797421,22.305292000000001],[114.1797419,22.305302900000001],[114.1797418,22.305310599999999],[114.1798196,22.305282399999999]]},"properties":{"FID":2878888,"osm_id":"750331535","code":5153,"fclass":"footway","name":" ","ref":" ","oneway":"B","maxspeed":0,"layer":0,"bridge":"F","tunnel":"F"}},{"type":"Feature","id":2878889,"geometry":{"type":"LineString","coordinates":[[114.1798828,22.305304899999999],[114.17990039999999,22.305328899999999]]},"properties":{"FID":2878889,"osm_id":"750331536","code":5155,"fclass":"steps","name":" ","ref":" ","oneway":"B","maxspeed":0,"layer":0,"bridge":"F","tunnel":"F"}},{"type":"Feature","id":2878890,"geometry":{"type":"LineString","coordinates":[[114.179766,22.3047942],[114.1798203,22.304994700000002],[114.1798295,22.305028400000001],[114.17985040000001,22.305154699999999],[114.1798524,22.305231500000001],[114.179867,22.305266799999998],[114.1798828,22.305304899999999]]},"properties":{"FID":2878890,"osm_id":"750331537","code":5153,"fclass":"footway","name":" ","ref":" ","oneway":"B","maxspeed":0,"layer":0,"bridge":"F","tunnel":"F"}},{"type":"Feature","id":2878891,"geometry":{"type":"LineString","coordinates":[[114.1803776,22.305535200000001],[114.18039779999999,22.305534900000001],[114.18046099999999,22.305541300000002]]},"properties":{"FID":2878891,"osm_id":"750331538","code":5153,"fclass":"footway","name":" ","ref":" ","oneway":"B","maxspeed":0,"layer":0,"bridge":"F","tunnel":"F"}},{"type":"Feature","id":2878892,"geometry":{"type":"LineString","coordinates":[[114.1803104,22.3055263],[114.1803776,22.305535200000001]]},"properties":{"FID":2878892,"osm_id":"750331539","code":5155,"fclass":"steps","name":" ","ref":" ","oneway":"B","maxspeed":0,"layer":0,"bridge":"F","tunnel":"F"}},{"type":"Feature","id":2878893,"geometry":{"type":"LineString","coordinates":[[114.1799439,22.305580800000001],[114.1798635,22.305486500000001]]},"properties":{"FID":2878893,"osm_id":"750331540","code":5155,"fclass":"steps","name":" ","ref":" ","oneway":"B","maxspeed":0,"layer":0,"bridge":"F","tunnel":"F"}},{"type":"Feature","id":2878894,"geometry":{"type":"LineString","coordinates":[[114.1798678,22.305633],[114.1799439,22.305580800000001]]},"properties":{"FID":2878894,"osm_id":"750331541","code":5153,"fclass":"footway","name":" ","ref":" ","oneway":"B","maxspeed":0,"layer":0,"bridge":"F","tunnel":"F"}},{"type":"Feature","id":2878895,"geometry":{"type":"LineString","coordinates":[[114.1810988,22.307962700000001],[114.1810687,22.307995600000002]]},"properties":{"FID":2878895,"osm_id":"750331542","code":5153,"fclass":"footway","name":" ","ref":" ","oneway":"B","maxspeed":0,"layer":0,"bridge":"F","tunnel":"F"}},{"type":"Feature","id":2878896,"geometry":{"type":"LineString","coordinates":[[114.1814394,22.307790199999999],[114.1814474,22.307806599999999],[114.1814473,22.307824700000001],[114.18144239999999,22.307836300000002],[114.1814341,22.3078462],[114.181423,22.307853300000001]]},"properties":{"FID":2878896,"osm_id":"750331543","code":5153,"fclass":"footway","name":" ","ref":" ","oneway":"B","maxspeed":0,"layer":0,"bridge":"F","tunnel":"F"}},{"type":"Feature","id":2878897,"geometry":{"type":"LineString","coordinates":[[114.181423,22.307853300000001],[114.18133469999999,22.307835699999998]]},"properties":{"FID":2878897,"osm_id":"750331544","code":5153,"fclass":"footway","name":" ","ref":" ","oneway":"B","maxspeed":0,"layer":0,"bridge":"F","tunnel":"F"}},{"type":"Feature","id":2878898,"geometry":{"type":"LineString","coordinates":[[114.18133469999999,22.307835699999998],[114.1813205,22.307841199999999],[114.1813105,22.307851899999999],[114.18130650000001,22.3078656],[114.18130859999999,22.3078775],[114.1813154,22.3078878],[114.1813258,22.307894999999998]]},"properties":{"FID":2878898,"osm_id":"750331545","code":5153,"fclass":"footway","name":" ","ref":" ","oneway":"B","maxspeed":0,"layer":0,"bridge":"F","tunnel":"F"}},{"type":"Feature","id":2878899,"geometry":{"type":"LineString","coordinates":[[114.1813128,22.307765],[114.1814394,22.307790199999999]]},"properties":{"FID":2878899,"osm_id":"750331546","code":5153,"fclass":"footway","name":" ","ref":" ","oneway":"B","maxspeed":0,"layer":0,"bridge":"F","tunnel":"F"}},{"type":"Feature","id":2878900,"geometry":{"type":"LineString","coordinates":[[114.18160020000001,22.3074215],[114.181648,22.307373900000002]]},"properties":{"FID":2878900,"osm_id":"750331547","code":5153,"fclass":"footway","name":" ","ref":" ","oneway":"B","maxspeed":0,"layer":0,"bridge":"F","tunnel":"F"}},{"type":"Feature","id":2878901,"geometry":{"type":"LineString","coordinates":[[114.180196,22.305406900000001],[114.1802242,22.305351300000002],[114.18019320000001,22.305258299999998],[114.18017999999999,22.305218499999999],[114.18002540000001,22.305230399999999]]},"properties":{"FID":2878901,"osm_id":"750331548","code":5141,"fclass":"service","name":"育才道 Yuk Choi Road","ref":" ","oneway":"B","maxspeed":0,"layer":0,"bridge":"F","tunnel":"F"}},{"type":"Feature","id":2878902,"geometry":{"type":"LineString","coordinates":[[114.17946739999999,22.305067099999999],[114.17960189999999,22.305320900000002],[114.1798678,22.305633]]},"properties":{"FID":2878902,"osm_id":"750331549","code":5153,"fclass":"footway","name":" ","ref":" ","oneway":"B","maxspeed":0,"layer":0,"bridge":"F","tunnel":"F"}},{"type":"Feature","id":2878903,"geometry":{"type":"LineString","coordinates":[[114.1780392,22.3033152],[114.1784325,22.303223299999999]]},"properties":{"FID":2878903,"osm_id":"750331550","code":5141,"fclass":"service","name":" ","ref":" ","oneway":"B","maxspeed":0,"layer":0,"bridge":"F","tunnel":"F"}},{"type":"Feature","id":2878904,"geometry":{"type":"LineString","coordinates":[[114.1795645,22.306919199999999],[114.1795058,22.306936799999999],[114.1794814,22.306950199999999],[114.17946120000001,22.306968600000001],[114.17944679999999,22.3069895],[114.1794379,22.307012799999999],[114.1794349,22.307037399999999],[114.1794378,22.307061999999998]]},"properties":{"FID":2878904,"osm_id":"750331553","code":5141,"fclass":"service","name":" ","ref":" ","oneway":"B","maxspeed":0,"layer":0,"bridge":"F","tunnel":"T"}},{"type":"Feature","id":2878905,"geometry":{"type":"LineString","coordinates":[[114.1794378,22.307061999999998],[114.1795127,22.307321000000002]]},"properties":{"FID":2878905,"osm_id":"750331554","code":5141,"fclass":"service","name":" ","ref":" ","oneway":"B","maxspeed":0,"layer":0,"bridge":"F","tunnel":"T"}},{"type":"Feature","id":2904400,"geometry":{"type":"LineString","coordinates":[[114.18137160000001,22.3035326],[114.1815012,22.303538799999998]]},"properties":{"FID":2904400,"osm_id":"755398461","code":5141,"fclass":"service","name":" ","ref":" ","oneway":"F","maxspeed":0,"layer":2,"bridge":"T","tunnel":"F"}},{"type":"Feature","id":2904401,"geometry":{"type":"LineString","coordinates":[[114.1815012,22.303538799999998],[114.1818569,22.303510800000002],[114.1818957,22.303498699999999],[114.18191729999999,22.303460000000001],[114.18192430000001,22.303403500000002],[114.1819026,22.303197099999998],[114.181887,22.303145099999998],[114.1818579,22.303108099999999],[114.181833,22.303107499999999]]},"properties":{"FID":2904401,"osm_id":"755398462","code":5141,"fclass":"service","name":" ","ref":" ","oneway":"B","maxspeed":0,"layer":2,"bridge":"T","tunnel":"F"}},{"type":"Feature","id":2904476,"geometry":{"type":"LineString","coordinates":[[114.18240280000001,22.303794700000001],[114.1824132,22.303744600000002]]},"properties":{"FID":2904476,"osm_id":"755406101","code":5153,"fclass":"footway","name":" ","ref":" ","oneway":"B","maxspeed":0,"layer":0,"bridge":"F","tunnel":"F"}},{"type":"Feature","id":2904477,"geometry":{"type":"LineString","coordinates":[[114.1824132,22.303744600000002],[114.1824202,22.303710800000001],[114.18240830000001,22.3036286],[114.182395,22.303559799999999]]},"properties":{"FID":2904477,"osm_id":"755406102","code":5153,"fclass":"footway","name":" ","ref":" ","oneway":"B","maxspeed":0,"layer":0,"bridge":"F","tunnel":"F"}},{"type":"Feature","id":2904478,"geometry":{"type":"LineString","coordinates":[[114.1824132,22.303744600000002],[114.1826392,22.303719099999999],[114.1826762,22.303715]]},"properties":{"FID":2904478,"osm_id":"755406103","code":5153,"fclass":"footway","name":" ","ref":" ","oneway":"B","maxspeed":0,"layer":0,"bridge":"F","tunnel":"F"}},{"type":"Feature","id":2904479,"geometry":{"type":"LineString","coordinates":[[114.1826392,22.303719099999999],[114.18264069999999,22.3036864],[114.1826817,22.303644299999998]]},"properties":{"FID":2904479,"osm_id":"755406104","code":5153,"fclass":"footway","name":" ","ref":" ","oneway":"B","maxspeed":0,"layer":0,"bridge":"F","tunnel":"F"}},{"type":"Feature","id":2904480,"geometry":{"type":"LineString","coordinates":[[114.1826499,22.303649799999999],[114.1826817,22.303644299999998],[114.18274150000001,22.303645100000001],[114.18279440000001,22.303645700000001],[114.1828196,22.303603599999999]]},"properties":{"FID":2904480,"osm_id":"755406105","code":5153,"fclass":"footway","name":" ","ref":" ","oneway":"B","maxspeed":0,"layer":0,"bridge":"F","tunnel":"F"}},{"type":"Feature","id":2904481,"geometry":{"type":"LineString","coordinates":[[114.18274150000001,22.303645100000001],[114.1827443,22.303623900000002]]},"properties":{"FID":2904481,"osm_id":"755406106","code":5153,"fclass":"footway","name":" ","ref":" ","oneway":"B","maxspeed":0,"layer":0,"bridge":"F","tunnel":"F"}},{"type":"Feature","id":2918407,"geometry":{"type":"LineString","coordinates":[[114.1834628,22.304989299999999],[114.18390049999999,22.304525099999999],[114.1841321,22.304132200000002],[114.1842027,22.303996000000001],[114.18427010000001,22.3037426],[114.18432319999999,22.3034587],[114.184336,22.303346300000001],[114.1843489,22.303126599999999],[114.18435650000001,22.302802499999999],[114.1843787,22.302532899999999]]},"properties":{"FID":2918407,"osm_id":"757842002","code":5133,"fclass":"primary_link","name":"紅磡繞道 Hung Hom Bypass","ref":" ","oneway":"F","maxspeed":50,"layer":2,"bridge":"T","tunnel":"F"}}]}